,MAC,nbAPConnected,coToAdmin,coToAcademic,coToSocial,coToLibrary,coToResidential,only Academic or Admin,is Night,is Weekend
0,0040961e58be,19,1,1,0,1,1,0,0.0,0.0
1,nothing,8,1,1,0,1,0,0,0.0,0.0
2,00601db0635a,2,1,0,0,1,0,0,0.0,0.0
3,00409699dfba,10,1,1,0,1,0,0,0.0,0.0
4,004096daa8fe,6,0,1,0,0,0,1,0.0,0.0
5,00409630cdc9,4,0,1,0,0,0,1,0.0,0.0
6,004096342c16,25,1,1,0,1,1,0,0.0,0.0
7,00409699915b,107,1,1,1,1,1,0,0.0,0.0
8,00409664173d,106,1,1,1,1,1,0,0.0,0.0
9,004096a0b921,155,1,1,1,1,1,0,0.0,0.0
10,003065343950,3,0,1,0,0,0,1,0.0,0.0
11,003065b40dda,2,0,1,0,0,0,1,0.0,0.0
12,003065fc1494,23,1,1,1,1,0,0,0.0,0.0
13,0040968cf0ea,23,1,1,0,1,1,0,0.0,0.0
14,0030650c0321,11,0,1,0,0,0,1,0.0,0.0
15,0040962dc86b,5,0,1,0,0,0,1,0.0,0.0
16,0030655b9345,1,0,0,0,1,0,0,0.0,0.0
17,00409622cb2b,9,0,1,0,0,1,0,0.0,0.0
18,003065e8f0ca,27,1,1,0,1,1,0,0.0,0.0
19,00022db6cc78,3,0,1,0,0,0,1,0.0,0.0
20,004096d06bb2,20,1,1,1,1,1,0,0.0,0.0
21,004096da8a8e,7,0,1,0,1,0,0,0.0,0.0
22,00601d9bf252,8,1,1,0,1,1,0,0.0,0.0
23,00306526784b,78,1,1,1,1,1,0,0.0,0.0
24,003065708c70,10,1,1,0,1,0,0,0.0,0.0
25,004096ff6784,8,0,1,0,1,0,0,5.0,4.0
26,003065d55e08,12,1,1,1,1,1,0,0.0,0.0
27,00409649fe8d,7,1,1,0,0,0,1,0.0,0.0
28,00306506fde2,34,1,1,1,1,1,0,0.0,0.0
29,004096229b1c,4,0,1,0,0,1,0,2.0,0.0
30,0030655b8297,59,1,1,1,1,1,0,0.0,0.0
31,0040964fb1f3,21,1,1,0,1,1,0,0.0,0.0
32,0030651794b6,66,1,1,1,1,1,0,0.0,0.0
33,004096828008,45,1,1,0,1,1,0,0.0,0.0
34,0040963582b8,77,1,1,1,1,1,0,0.0,1.0
35,003065f88ab1,5,0,1,0,1,0,0,0.0,0.0
36,00409616fc02,11,0,1,0,1,0,0,0.0,0.0
37,003065901355,31,0,1,0,1,1,0,0.0,0.0
38,003065e2d2b5,81,1,1,1,1,1,0,0.0,0.0
39,0030659f0025,3,0,0,0,1,0,0,0.0,0.0
40,00601df57e26,6,1,1,0,0,1,0,0.0,0.0
41,003065c010fb,1,0,1,0,0,0,1,0.0,0.0
42,004096f20d21,5,0,1,0,0,0,1,0.0,0.0
43,003065475356,2,1,0,0,1,0,0,0.0,0.0
44,003065e79136,14,1,1,0,1,1,0,0.0,0.0
45,00601d9a221b,1,0,0,0,1,0,0,1.0,0.0
46,00306582237e,20,1,1,1,1,1,0,0.0,0.0
47,00306572a9d8,54,1,1,1,1,1,0,0.0,0.0
48,0030659970a6,3,0,1,0,1,0,0,0.0,2.0
49,004096aec485,2,0,1,0,0,0,1,0.0,0.0
50,003065e0de26,5,0,1,0,0,0,1,0.0,0.0
51,004096c99fa5,29,1,1,0,1,1,0,0.0,0.0
52,00409653f0d3,39,1,1,1,1,1,0,4.0,2.0
53,0040966fb204,26,0,1,1,1,0,0,1.0,0.0
54,004096906d36,8,0,1,0,0,0,1,0.0,0.0
55,00409696d938,4,0,1,0,0,1,0,0.0,0.0
56,004096fde907,8,0,1,0,1,0,0,3.0,0.0
57,004096fee63e,30,1,1,1,0,1,0,0.0,0.0
58,00601d29a832,9,1,1,0,0,0,1,0.0,0.0
59,00601daa4d6d,2,0,1,0,0,0,1,0.0,0.0
60,0040961558f7,129,1,1,1,1,1,0,0.0,0.0
61,00409638aef9,3,0,1,0,0,0,1,12.0,0.0
62,004096da78e4,4,0,1,0,0,0,1,0.0,0.0
63,0030653813fd,11,0,1,0,1,0,0,0.0,0.0
64,00601d5eab28,6,1,1,0,0,0,1,0.0,0.0
65,0040966b9e99,66,1,1,1,1,1,0,0.0,0.0
66,004096d3161b,2,1,0,0,0,0,1,0.0,0.0
67,0030651f7707,32,1,1,1,0,1,0,0.0,0.0
68,00306547a61f,10,0,1,0,0,1,0,1.0,0.0
69,0040960b31ce,4,0,1,0,1,0,0,0.0,0.0
70,00409672d195,11,0,1,0,0,1,0,0.0,0.0
71,00601d3fd397,10,1,1,0,0,0,1,0.0,0.0
72,003065e5e3f5,39,1,1,1,1,1,0,1.0,0.0
73,0040966eda31,52,1,1,1,1,1,0,0.0,1.0
74,0040960a7573,9,0,1,1,0,0,0,0.0,0.0
75,0040962377ec,7,0,1,0,0,0,1,0.0,0.0
76,00306507681a,2,0,1,0,1,0,0,0.0,0.0
77,003065fb6bb0,52,1,1,0,1,1,0,0.0,0.0
78,003065cdabb1,2,1,0,0,0,1,0,0.0,0.0
79,004096bbb887,80,1,1,1,1,1,0,0.0,1.0
80,004096d922b7,18,0,1,0,1,1,0,0.0,0.0
81,00409664ea03,4,0,1,0,0,0,1,0.0,0.0
82,00409656a9b7,37,1,1,0,1,1,0,3.0,0.0
83,00601dec40ea,1,0,0,0,1,0,0,0.0,0.0
84,004096cf9f64,5,0,1,0,0,0,1,0.0,0.0
85,0040966fd9c6,4,0,1,0,0,0,1,0.0,0.0
86,0030657c2ea6,7,0,1,1,1,1,0,0.0,8.0
87,003065e4bcef,3,0,0,0,0,1,0,1.0,0.0
88,004096b57a2f,74,1,1,1,1,1,0,0.0,0.0
89,00601dbb8fac,6,1,1,0,0,0,1,0.0,0.0
90,00601d8969c8,1,0,1,0,0,0,1,4.0,1.0
91,00601de2717d,1,0,1,0,0,0,1,0.0,3.0
92,00601d5c1c96,17,0,1,0,0,1,0,0.0,0.0
93,00601d70421b,9,1,1,1,0,1,0,0.0,0.0
94,004096effaab,5,1,1,0,0,0,1,0.0,3.0
95,0030658d041f,8,0,1,0,1,1,0,0.0,0.0
96,003065d91e72,40,1,1,1,1,1,0,0.0,0.0
97,00409620586b,100,1,1,1,1,1,0,0.0,0.0
98,00601df8cc52,2,0,1,0,0,0,1,0.0,0.0
99,003065757b9a,4,1,1,0,1,0,0,0.0,0.0
100,0040960eb783,6,0,1,0,0,0,1,0.0,0.0
101,0040962d4b01,7,0,1,0,1,1,0,2.0,7.0
102,00601d57902c,5,1,1,0,0,0,1,0.0,0.0
103,00601d99cd96,4,0,0,1,0,1,0,7.0,0.0
104,003065ed4f04,37,1,1,1,1,1,0,0.0,0.0
105,00409603501f,7,1,1,0,0,0,1,0.0,0.0
106,00022d3ae59b,6,0,1,0,0,1,0,1.0,0.0
107,003065de4dc1,1,0,0,0,0,1,0,1.0,0.0
108,00306581d2db,10,1,1,1,1,0,0,0.0,0.0
109,0040962f0fee,4,1,1,0,0,0,1,0.0,0.0
110,003065972849,1,0,1,0,0,0,1,0.0,0.0
111,0040961612c7,5,0,1,0,0,0,1,1.0,0.0
112,003065e2f58c,3,0,1,0,0,0,1,0.0,0.0
113,0040969e61a7,5,1,1,0,0,0,1,0.0,0.0
114,00601d6c48b6,2,1,1,0,0,0,1,0.0,0.0
115,004096d03b3f,46,1,1,1,1,1,0,0.0,0.0
116,00022d55f73f,4,0,0,0,0,1,0,9.0,21.0
117,00409685b281,8,1,1,0,0,1,0,82.0,0.0
118,00022d4d28f4,2,0,1,0,0,0,1,0.0,0.0
119,00601d496104,4,0,1,0,1,0,0,0.0,20.0
120,00601d8d26c2,12,1,1,0,0,0,1,2.0,1.0
121,00306519f163,4,0,1,1,0,1,0,0.0,0.0
122,00306572b0cc,2,0,1,0,0,0,1,0.0,0.0
123,00409610eee6,10,0,1,0,1,0,0,0.0,0.0
124,0030650b29a5,14,1,1,1,1,1,0,0.0,0.0
125,003065b2c127,15,0,1,1,0,1,0,0.0,0.0
126,003065e5f8e9,2,0,1,0,1,0,0,0.0,0.0
127,0040966a1bd7,6,0,1,0,0,0,1,0.0,0.0
128,004096ffce46,32,1,1,1,1,1,0,0.0,0.0
129,004096f40195,3,0,1,0,1,0,0,0.0,0.0
130,003065feca2a,3,0,1,0,1,0,0,0.0,0.0
131,00601d0f507e,1,1,0,0,0,0,1,0.0,0.0
132,004096e391aa,6,0,1,0,1,1,0,0.0,0.0
133,003065f04da1,5,0,1,0,1,1,0,0.0,0.0
134,003065639522,8,0,1,0,1,1,0,1.0,0.0
135,004096b55b47,3,0,1,0,0,1,0,0.0,0.0
136,00409620dee9,44,1,1,0,1,1,0,0.0,0.0
137,00409699ee33,59,1,1,1,1,1,0,0.0,0.0
138,004096a3303d,15,1,1,1,1,1,0,0.0,0.0
139,004096e65a2c,25,0,1,1,1,1,0,0.0,0.0
140,00022d10778d,11,0,1,0,0,1,0,0.0,0.0
141,00022d7eb056,8,0,1,0,0,0,1,0.0,0.0
142,0030652069be,16,1,1,1,1,1,0,0.0,0.0
143,004096f062a1,24,1,1,0,0,1,0,11.0,0.0
144,004096e4e4a5,14,0,1,0,1,1,0,0.0,0.0
145,00409652064c,13,1,1,0,1,1,0,0.0,0.0
146,004096011ce9,29,1,1,1,1,1,0,0.0,0.0
147,004096068da2,18,0,1,1,0,1,0,0.0,0.0
148,004096a859f0,17,1,1,0,0,1,0,0.0,0.0
149,004096391b01,31,0,1,1,1,1,0,0.0,0.0
150,0040964e0eeb,7,0,1,0,0,1,0,0.0,0.0
151,004096fe7c66,2,0,0,0,0,0,1,0.0,0.0
152,004096d4bb2b,21,0,1,1,1,1,0,0.0,0.0
153,004096bd22a2,2,0,0,0,0,0,1,0.0,0.0
154,004096ce81bc,25,1,1,1,1,1,0,0.0,0.0
155,00409649e02e,10,1,1,0,1,1,0,6.0,0.0
156,004096f5e0b0,62,1,1,0,1,1,0,0.0,2.0
157,0040962a3a06,9,1,1,1,1,1,0,0.0,6.0
158,00409623a067,16,0,1,0,1,1,0,0.0,0.0
159,003065e99488,1,0,0,0,0,1,0,0.0,1.0
160,0030651bae78,16,1,1,1,1,1,0,0.0,0.0
161,0030657bad4b,12,0,1,1,1,1,0,0.0,0.0
162,004096e61d35,2,0,1,0,0,0,1,0.0,0.0
163,004096c4e558,9,0,1,0,0,1,0,1.0,0.0
164,004096f4334f,25,1,1,0,1,1,0,0.0,4.0
165,0030654806d7,37,1,1,1,1,1,0,0.0,0.0
166,004096b77bde,21,0,1,0,1,1,0,0.0,3.0
167,004096170d62,46,1,1,1,1,1,0,0.0,2.0
168,00601dad89d4,3,1,1,0,0,0,1,0.0,0.0
169,004096275ef4,1,1,0,0,0,0,1,0.0,0.0
170,00022d371973,9,1,1,0,0,0,1,0.0,0.0
171,003065b70356,44,1,1,1,1,1,0,1.0,0.0
172,003065add3fa,7,0,1,0,1,1,0,0.0,0.0
173,003065d7718a,2,0,0,0,0,1,0,1.0,0.0
174,004096e05040,6,0,1,0,0,1,0,0.0,0.0
175,003065abdbe8,9,1,0,0,0,1,0,0.0,0.0
176,00409650715a,13,0,1,0,0,0,1,0.0,0.0
177,0040965c676c,17,0,1,1,1,1,0,2.0,1.0
178,004096393d3f,46,1,1,1,1,1,0,0.0,0.0
179,0030658d6f18,1,0,1,0,0,0,1,0.0,0.0
180,003065d5bc80,35,1,1,1,1,1,0,0.0,0.0
181,0000c5e63857,5,0,1,0,0,0,1,0.0,0.0
182,00306593d275,24,0,1,1,1,1,0,0.0,0.0
183,0030655baaea,6,1,1,0,1,0,0,0.0,0.0
184,004096c9f949,16,0,1,1,1,1,0,0.0,0.0
185,0040967b052a,18,0,1,1,1,1,0,0.0,0.0
186,00409632d2cb,20,1,1,0,1,0,0,0.0,0.0
187,003065a8bef4,12,1,0,0,1,1,0,1.0,0.0
188,0050da083fb4,1,0,0,0,0,1,0,0.0,0.0
189,004096f8258f,36,1,1,1,0,1,0,1.0,0.0
190,00409607afd1,13,0,1,1,1,1,0,1.0,0.0
191,004096e77240,7,0,1,0,0,0,1,0.0,0.0
192,004096470a34,10,1,1,0,1,1,0,0.0,0.0
193,003065fe9632,2,0,1,0,0,0,1,0.0,0.0
194,003065957c34,16,1,1,1,1,1,0,0.0,0.0
195,003065abbd30,3,0,0,0,0,1,0,0.0,0.0
196,0040960da883,22,1,1,1,1,1,0,0.0,0.0
197,0040964a5eed,8,0,0,0,1,1,0,0.0,0.0
198,003065b2fb0f,4,0,1,1,0,0,0,0.0,1.0
199,003065687126,9,0,1,0,1,0,0,0.0,0.0
200,00601d23f5eb,21,1,1,1,1,1,0,1.0,0.0
201,00022de8502e,1,0,1,0,0,0,1,0.0,0.0
202,003065dba815,5,0,1,0,1,0,0,0.0,0.0
203,0030651d2871,10,0,1,0,0,0,1,0.0,0.0
204,003065ff2bc0,2,0,1,0,0,0,1,0.0,0.0
205,00306528bac1,13,1,1,0,0,1,0,0.0,0.0
206,0040962de1e8,20,0,1,0,0,0,1,0.0,2.0
207,003065e97c26,7,0,1,0,0,0,1,0.0,0.0
208,003065a15e50,7,0,1,1,0,0,0,0.0,0.0
209,00601d13c98a,8,0,1,0,0,0,1,0.0,0.0
210,0030651e0ae6,1,1,0,0,0,0,1,0.0,0.0
211,003065769752,28,0,1,1,1,1,0,0.0,0.0
212,003065424b61,3,0,1,0,0,1,0,0.0,0.0
213,0040965b1471,14,1,1,1,0,1,0,1.0,2.0
214,003065e8b691,12,0,1,0,0,0,1,0.0,0.0
215,003065f1edc6,2,0,1,0,0,0,1,2.0,0.0
216,004096f3ec87,13,0,1,0,0,1,0,0.0,0.0
217,0030658812dd,8,0,1,1,1,1,0,0.0,0.0
218,004096c5d023,2,0,1,0,0,0,1,0.0,0.0
219,0040964f5226,5,0,1,0,0,0,1,0.0,0.0
220,00601df83d0d,1,0,1,0,0,0,1,1.0,0.0
221,00601d67f99c,3,0,0,0,0,1,0,0.0,0.0
222,003065bebdb6,10,1,1,0,0,1,0,0.0,0.0
223,00306534f01c,7,0,1,0,0,0,1,0.0,0.0
224,00022d6c58e0,7,1,1,1,0,1,0,0.0,1.0
225,00306572ab32,10,0,1,1,1,1,0,0.0,1.0
226,00306538f32a,2,0,0,0,0,1,0,0.0,0.0
227,0050da8dc55b,1,0,0,0,0,1,0,2.0,0.0
228,004096b16ac7,14,0,1,0,0,0,1,0.0,4.0
229,0040962ca4bc,15,1,1,0,0,0,1,2.0,0.0
230,003065e7592d,44,1,1,1,1,1,0,0.0,0.0
231,003065f94cf4,25,1,1,1,0,1,0,1.0,0.0
232,003065758950,13,1,1,0,0,1,0,0.0,0.0
233,003065578d65,1,0,0,0,1,0,0,0.0,2.0
234,00606da332c9,8,0,1,0,0,0,1,0.0,0.0
235,00601d92e5c3,5,1,1,0,0,0,1,0.0,0.0
236,003065caca43,30,1,1,1,1,1,0,0.0,0.0
237,003065e9aecb,2,1,1,0,0,0,1,0.0,0.0
238,0040963bed43,22,0,1,0,1,1,0,0.0,0.0
239,0000c57610a0,4,0,0,0,0,1,0,0.0,1.0
240,00409682ef14,2,0,0,0,0,1,0,0.0,0.0
241,003065f71074,6,0,0,0,1,1,0,0.0,0.0
242,0040962c60ca,9,0,1,1,1,1,0,0.0,0.0
243,00306534d07b,28,0,1,1,1,1,0,5.0,0.0
244,004096cd6162,16,0,1,0,0,0,1,0.0,0.0
245,003065001a43,3,0,1,0,1,0,0,0.0,0.0
246,0030657b5eaa,2,1,0,0,0,1,0,0.0,0.0
247,00022d8adcdf,50,1,1,1,1,1,0,0.0,0.0
248,004096128c0d,16,1,1,1,1,1,0,0.0,0.0
249,0030656e7eb9,9,0,1,0,1,1,0,0.0,0.0
250,0030abc32fe1,7,0,1,1,0,1,0,2.0,10.0
251,00601d66adca,1,0,1,0,0,0,1,0.0,0.0
252,004096fc09c6,12,0,1,0,0,0,1,0.0,0.0
253,004096080d4c,1,0,1,0,0,0,1,0.0,0.0
254,003065368859,2,0,1,0,0,0,1,0.0,0.0
255,004096f41eb8,9,1,1,0,0,1,0,0.0,0.0
256,00022dbc3259,14,0,1,1,1,0,0,2.0,0.0
257,00601df5782c,13,0,1,0,0,0,1,1.0,0.0
258,003065f369f0,15,0,1,1,1,1,0,0.0,0.0
259,00022d58f01c,2,0,1,0,1,0,0,0.0,1.0
260,00601dd05e9f,4,0,1,0,0,0,1,0.0,0.0
261,0030659bebd9,3,0,1,0,0,0,1,0.0,0.0
262,0040961b931b,21,1,1,0,1,1,0,0.0,0.0
263,0030655adfb1,1,0,1,0,0,0,1,0.0,0.0
264,004096d42ef0,68,1,1,0,1,1,0,0.0,0.0
265,00409608fedc,15,0,1,0,1,0,0,0.0,0.0
266,0040969c9e37,18,0,1,1,0,1,0,11.0,0.0
267,00022df52e94,37,0,1,0,0,1,0,0.0,0.0
268,0030654c006c,6,0,1,0,0,0,1,0.0,0.0
269,00409664cbc3,1,0,1,0,0,0,1,0.0,0.0
270,00022d90dcda,4,0,1,0,0,0,1,0.0,0.0
271,003065a83d74,3,0,1,1,0,0,0,0.0,0.0
272,0030657247e9,5,0,1,0,0,1,0,0.0,0.0
273,003065a426d2,21,1,1,1,1,1,0,0.0,0.0
274,004096a0599c,12,1,1,1,1,1,0,2.0,0.0
275,00306569750c,2,0,1,0,0,0,1,0.0,0.0
276,004096de29aa,1,0,1,0,0,0,1,0.0,0.0
277,0030655bc4d3,13,1,1,1,0,1,0,0.0,0.0
278,00409665e413,44,1,1,1,1,1,0,0.0,0.0
279,004096e9342c,12,0,1,1,0,1,0,0.0,1.0
280,003065294706,5,0,1,0,0,0,1,0.0,0.0
281,0040964a65e6,2,0,1,0,0,0,1,0.0,0.0
282,0030657b2ba2,7,0,1,1,1,1,0,0.0,0.0
283,003065535df0,3,1,0,0,0,1,0,0.0,0.0
284,004096038a96,20,1,1,1,1,1,0,0.0,0.0
285,003065f01a87,2,1,1,0,0,0,1,0.0,0.0
286,004096ecf8e6,22,1,1,1,1,1,0,0.0,0.0
287,0030653c8114,3,0,1,0,0,0,1,0.0,0.0
288,0030658643c4,34,1,1,1,1,1,0,0.0,0.0
289,00409680ec38,9,1,1,0,0,1,0,1.0,0.0
290,00022d458c14,24,1,1,1,1,1,0,0.0,0.0
291,00022dd87247,3,0,1,0,0,1,0,1.0,0.0
292,003065de5aa3,11,0,1,1,1,1,0,0.0,0.0
293,003065dae75a,11,1,1,1,0,1,0,1.0,1.0
294,004096dd0408,32,1,1,1,1,1,0,1.0,0.0
295,004096e0c497,2,1,0,0,1,0,0,0.0,0.0
296,00409690742d,20,1,1,1,1,1,0,0.0,0.0
297,003065e0817f,31,1,1,1,1,1,0,0.0,0.0
298,0030653dfa36,9,1,1,1,0,1,0,0.0,0.0
299,00306533bd35,2,0,1,0,0,0,1,0.0,0.0
300,00409622e1cf,15,1,1,1,1,1,0,0.0,0.0
301,00022de3467b,1,0,1,0,0,0,1,0.0,0.0
302,003065104246,7,1,1,0,0,0,1,0.0,0.0
303,004005aa4e4c,16,0,1,1,1,1,0,4.0,0.0
304,003065b8b97e,16,1,1,1,1,1,0,0.0,0.0
305,00601dfc51f7,1,0,1,0,0,0,1,0.0,0.0
306,003065b312a1,18,0,1,1,1,1,0,0.0,0.0
307,00601d15c062,4,0,1,0,0,0,1,0.0,0.0
308,004096f9f2e4,11,0,1,1,1,1,0,0.0,0.0
309,00409636d7d7,3,0,1,0,0,0,1,0.0,0.0
310,00306547d63a,5,0,1,0,1,0,0,0.0,0.0
311,003065ca19b1,6,0,1,0,1,0,0,0.0,0.0
312,00306533a0e1,5,0,1,0,1,0,0,0.0,0.0
313,0030656527cf,24,1,1,1,1,1,0,0.0,0.0
314,004096bfc395,8,0,1,0,1,1,0,0.0,0.0
315,003065b29a37,4,1,0,1,1,0,0,0.0,0.0
316,00032f5418f1,79,1,1,1,1,1,0,0.0,0.0
317,004096b04a98,6,0,0,0,0,1,0,2.0,0.0
318,00601db90829,5,1,1,0,0,1,0,0.0,0.0
319,0040967ad665,11,1,1,1,1,1,0,0.0,0.0
320,0030655790c7,4,0,1,0,1,0,0,0.0,0.0
321,0030658d5b4a,5,0,1,0,1,0,0,0.0,0.0
322,0030650b52b2,8,1,0,1,0,1,0,2.0,0.0
323,004096692024,5,0,1,0,1,1,0,0.0,0.0
324,00306576a704,3,0,1,1,0,0,0,0.0,0.0
325,0030651e0e5a,3,1,0,1,0,0,0,0.0,0.0
326,003065c29f49,21,1,1,1,1,1,0,0.0,0.0
327,00022d104c11,1,0,0,0,0,1,0,0.0,0.0
328,00601df2afbd,3,0,1,0,1,0,0,0.0,0.0
329,00601ddefcf8,1,0,1,0,0,0,1,0.0,0.0
330,004096a6153a,19,0,1,0,1,1,0,0.0,0.0
331,0030659088f7,5,0,1,0,1,1,0,0.0,0.0
332,004096e5754f,8,1,1,1,1,1,0,2.0,0.0
333,0030653eff99,7,1,1,1,1,0,0,0.0,0.0
334,003065c536fc,6,0,1,0,1,0,0,0.0,0.0
335,0050da25fe2d,6,0,1,0,0,1,0,0.0,0.0
336,0030650d3dd3,4,0,1,1,0,1,0,0.0,0.0
337,004096dacfc9,4,0,1,0,0,0,1,0.0,0.0
338,00601d92b482,1,0,0,0,1,0,0,0.0,0.0
339,003065fc6f87,18,1,1,1,1,1,0,0.0,0.0
340,004096f7d7a4,32,0,1,1,1,1,0,0.0,0.0
341,00306537fe81,15,0,1,1,0,1,0,0.0,0.0
342,0030659a3544,1,0,0,0,1,0,0,0.0,0.0
343,00022d7ff066,9,0,1,0,0,0,1,0.0,0.0
344,003065dfd02f,2,0,1,0,0,0,1,0.0,0.0
345,00306554ad08,3,0,1,0,0,0,1,0.0,0.0
346,004096987dfb,1,0,1,0,0,0,1,0.0,0.0
347,003065e6b272,3,1,1,0,1,0,0,0.0,0.0
348,003065eeb550,8,0,1,0,0,1,0,0.0,0.0
349,0040961ac2e2,6,0,1,0,0,0,1,0.0,0.0
350,004096abfd74,5,0,1,1,1,0,0,0.0,0.0
351,00022dfe1f69,5,0,1,0,0,0,1,0.0,0.0
352,0040961b41da,4,0,0,0,0,1,0,21.0,21.0
353,000502d13d80,1,0,0,0,0,1,0,2.0,2.0
354,004096d56b46,4,0,0,1,0,1,0,3.0,0.0
355,0040964861d7,15,0,1,1,1,1,0,0.0,2.0
356,0040962fb262,3,0,1,0,0,0,1,0.0,0.0
357,0030654e4fb6,2,0,1,0,0,0,1,0.0,0.0
358,004096659e30,4,0,1,0,0,1,0,0.0,6.0
359,0030655f1785,3,0,0,0,0,1,0,2.0,0.0
360,00601d36c92d,30,1,1,1,1,1,0,0.0,0.0
361,0030654d2617,1,0,0,0,1,0,0,2.0,0.0
362,0030653dcfdc,1,0,1,0,0,0,1,0.0,0.0
363,0040960541f8,3,0,1,0,0,0,1,0.0,0.0
364,004096bda7f8,8,0,1,0,0,1,0,0.0,0.0
365,004096c2420a,27,0,1,1,1,1,0,0.0,0.0
366,004096d64f39,17,0,1,1,0,1,0,4.0,0.0
367,004096429819,7,0,1,1,1,1,0,0.0,0.0
368,004096f09eb6,8,0,1,1,1,1,0,0.0,0.0
369,0030659e96e3,1,0,0,0,1,0,0,0.0,0.0
370,0030653daa8c,4,1,1,0,1,1,0,0.0,0.0
371,0002b38e4a86,36,1,1,1,1,1,0,0.0,0.0
372,0040963b433c,28,0,1,0,0,1,0,0.0,6.0
373,004096ac865f,3,0,0,0,0,1,0,0.0,2.0
374,00022da83f84,22,1,1,0,1,1,0,0.0,0.0
375,004096fc4ed4,3,1,0,0,1,0,0,0.0,0.0
376,0030651a05af,1,0,1,0,0,0,1,0.0,0.0
377,003065b46d69,1,0,1,0,0,0,1,0.0,0.0
378,003065061029,18,1,1,1,0,1,0,0.0,0.0
379,00601db3340f,17,1,1,1,1,1,0,40.0,0.0
380,00409656d4ab,1,0,0,0,0,1,0,0.0,3.0
381,00045a7b8624,2,0,0,0,0,1,0,2.0,677.0
382,003065d8efb0,2,0,1,1,0,0,0,0.0,0.0
383,003065dd81b3,1,0,1,0,0,0,1,0.0,2.0
384,003065d3ef24,3,0,1,0,1,0,0,0.0,0.0
385,00306525ef19,2,0,1,0,0,0,1,0.0,0.0
386,0030658bb0dd,1,0,1,0,0,0,1,0.0,0.0
387,00306539db23,3,0,1,0,0,0,1,0.0,0.0
388,00306512119d,1,0,1,0,0,0,1,0.0,0.0
389,003065ff9562,1,0,1,0,0,0,1,0.0,0.0
390,003065fe6512,8,0,1,1,0,1,0,0.0,0.0
391,003065a68243,1,0,1,0,0,0,1,0.0,0.0
392,003065265e15,2,1,1,0,0,0,1,0.0,0.0
393,004096b7e559,6,0,1,1,0,1,0,0.0,0.0
394,0030655fe54b,3,0,1,0,1,0,0,0.0,0.0
395,003065672efa,1,0,0,0,0,1,0,0.0,3.0
396,003065e48f1b,4,0,1,0,0,0,1,0.0,0.0
397,003065895d9b,7,0,1,0,0,1,0,0.0,0.0
398,0030652ae306,1,0,0,0,1,0,0,6.0,0.0
399,00601d9b47fa,5,0,1,0,0,0,1,0.0,0.0
400,004096144856,2,1,0,0,0,0,1,3.0,0.0
401,004096943da8,3,0,0,1,0,1,0,0.0,0.0
402,00601d441e01,10,0,1,0,0,0,1,0.0,0.0
403,004096f98a4b,21,1,1,1,1,1,0,0.0,0.0
404,00306571d8c4,1,0,1,0,0,0,1,0.0,0.0
405,004096667366,3,0,0,0,0,1,0,0.0,0.0
406,00306555e077,1,0,1,0,0,0,1,0.0,0.0
407,00306516afac,21,1,1,1,1,1,0,0.0,0.0
408,003065aaf2a3,1,0,0,0,1,0,0,0.0,0.0
409,0030658ba7eb,1,0,1,0,0,0,1,0.0,0.0
410,00022dadc41d,4,0,1,0,0,0,1,0.0,0.0
411,0030657ca4f7,18,1,1,1,1,1,0,1.0,0.0
412,004096692338,3,0,0,0,0,1,0,0.0,0.0
413,004096fa7ff7,7,0,1,0,0,1,0,63.0,63.0
414,003065bdb275,8,0,1,1,1,1,0,0.0,40.0
415,004096dfa78a,26,1,1,0,1,1,0,0.0,1.0
416,0030652ac162,1,0,0,1,0,0,0,0.0,0.0
417,00601d2ac171,1,0,1,0,0,0,1,0.0,0.0
418,00306577e7bb,4,0,1,1,1,0,0,0.0,0.0
419,003065cb450a,2,0,1,0,0,0,1,0.0,0.0
420,0040961d5828,3,1,0,0,1,0,0,0.0,0.0
421,0050dac184a5,1,0,0,0,0,1,0,2.0,0.0
422,004096e184ae,4,0,1,0,0,0,1,0.0,0.0
423,0030654e3572,1,0,1,0,0,0,1,0.0,0.0
424,004096de66cc,2,0,0,0,0,1,0,0.0,0.0
425,0030653d5d3c,0,0,0,0,0,0,1,0.0,0.0
426,003065075089,0,0,0,0,0,0,1,0.0,0.0
427,004096abb1a9,0,0,0,0,0,0,1,4.0,0.0
428,003065d51fea,0,0,0,0,0,0,1,1.0,0.0
429,0040960d7cc5,0,0,0,0,0,0,1,0.0,0.0
430,003065a39320,0,0,0,0,0,0,1,0.0,0.0
431,004096d3392e,0,0,0,0,0,0,1,0.0,0.0
432,0040969f58ed,0,0,0,0,0,0,1,0.0,0.0
433,0040963c1d25,0,0,0,0,0,0,1,0.0,0.0
434,00306586483d,0,0,0,0,0,0,1,0.0,0.0
435,0030659606c8,0,0,0,0,0,0,1,0.0,0.0
436,0040969c9093,0,0,0,0,0,0,1,0.0,0.0
437,003065bee450,0,0,0,0,0,0,1,0.0,0.0
438,004096af6716,0,0,0,0,0,0,1,0.0,0.0
439,00306576c6f7,0,0,0,0,0,0,1,0.0,0.0
440,0040963f454d,0,0,0,0,0,0,1,0.0,0.0
441,00409668312e,0,0,0,0,0,0,1,0.0,0.0
442,00306542b676,0,0,0,0,0,0,1,0.0,0.0
443,003065cb5c11,0,0,0,0,0,0,1,0.0,0.0
444,003065d3099b,0,0,0,0,0,0,1,0.0,0.0
445,003065bc79a6,0,0,0,0,0,0,1,0.0,0.0
446,003065239f46,0,0,0,0,0,0,1,0.0,0.0
447,0030659ffedc,0,0,0,0,0,0,1,0.0,0.0
448,003065ca7e43,0,0,0,0,0,0,1,0.0,0.0
449,003065b08cdf,0,0,0,0,0,0,1,0.0,0.0
450,003065fa0b39,0,0,0,0,0,0,1,0.0,0.0
451,00601d6fd648,0,0,0,0,0,0,1,0.0,0.0
452,00032f2dc8c9,0,0,0,0,0,0,1,0.0,0.0
453,0040969c30dd,0,0,0,0,0,0,1,0.0,0.0
454,004096f84f8c,0,0,0,0,0,0,1,0.0,0.0
455,0030657fcffb,0,0,0,0,0,0,1,0.0,0.0
456,0040967b4ae4,0,0,0,0,0,0,1,0.0,0.0
457,004096eccf9c,0,0,0,0,0,0,1,0.0,0.0
458,003065b8bd32,0,0,0,0,0,0,1,0.0,0.0
459,00022df11518,0,0,0,0,0,0,1,0.0,0.0
460,004096224dcd,0,0,0,0,0,0,1,0.0,0.0
461,0040969bfde8,0,0,0,0,0,0,1,0.0,0.0
462,0040967d8f1d,0,0,0,0,0,0,1,0.0,0.0
463,00045a846a1b,0,0,0,0,0,0,1,0.0,0.0
464,0030659bfa56,0,0,0,0,0,0,1,0.0,0.0
465,003065dcdee8,0,0,0,0,0,0,1,0.0,0.0
466,00306585f92d,0,0,0,0,0,0,1,0.0,0.0
467,0030658f0c69,0,0,0,0,0,0,1,0.0,0.0
468,003065f5b4c4,0,0,0,0,0,0,1,0.0,0.0
469,00306541e148,0,0,0,0,0,0,1,0.0,0.0
470,003065882246,0,0,0,0,0,0,1,0.0,0.0
471,00022d8f9795,0,0,0,0,0,0,1,0.0,0.0
472,003065e758a9,0,0,0,0,0,0,1,0.0,0.0
473,00306505444a,0,0,0,0,0,0,1,0.0,0.0
474,0040963d6324,0,0,0,0,0,0,1,0.0,0.0
475,00022dc6e528,0,0,0,0,0,0,1,0.0,0.0
476,00022d468591,0,0,0,0,0,0,1,0.0,0.0
477,003065ab7885,0,0,0,0,0,0,1,0.0,0.0
478,0030651fbf33,0,0,0,0,0,0,1,0.0,0.0
479,003065ab07a8,0,0,0,0,0,0,1,0.0,0.0
480,003065d90d61,0,0,0,0,0,0,1,0.0,0.0
481,003065581bc1,0,0,0,0,0,0,1,0.0,0.0
482,00306513bc12,0,0,0,0,0,0,1,0.0,0.0
483,003065f4bbda,0,0,0,0,0,0,1,0.0,0.0
484,004096f5ba46,0,0,0,0,0,0,1,0.0,0.0
485,00306590cc73,0,0,0,0,0,0,1,0.0,0.0
486,003065ff96be,0,0,0,0,0,0,1,0.0,0.0
487,003065749f73,0,0,0,0,0,0,1,0.0,0.0
488,00601d16096c,0,0,0,0,0,0,1,0.0,0.0
489,0000c5a0e337,0,0,0,0,0,0,1,0.0,0.0
490,0040962491f7,0,0,0,0,0,0,1,0.0,0.0
491,003065f648b9,0,0,0,0,0,0,1,0.0,0.0
492,00306509c34b,0,0,0,0,0,0,1,0.0,0.0
493,0030656819ca,0,0,0,0,0,0,1,0.0,0.0
494,0030656c0728,0,0,0,0,0,0,1,0.0,0.0
495,004096eb19e8,0,0,0,0,0,0,1,0.0,0.0
496,0030657e62bf,0,0,0,0,0,0,1,0.0,0.0
497,00022d8b00fb,0,0,0,0,0,0,1,0.0,0.0
498,00601dc663da,0,0,0,0,0,0,1,0.0,0.0
499,003065d13013,0,0,0,0,0,0,1,0.0,0.0
500,00022de48aaf,0,0,0,0,0,0,1,0.0,0.0
501,00306502eae6,0,0,0,0,0,0,1,0.0,0.0
502,00409686bf25,0,0,0,0,0,0,1,0.0,0.0
503,004096627c9d,0,0,0,0,0,0,1,0.0,0.0
504,003065649f0e,0,0,0,0,0,0,1,0.0,0.0
505,00022da349e9,0,0,0,0,0,0,1,0.0,0.0
506,00601d10bb4f,0,0,0,0,0,0,1,0.0,0.0
507,003065f69357,0,0,0,0,0,0,1,0.0,0.0
508,004096a0db54,0,0,0,0,0,0,1,0.0,0.0
509,00306562ec0a,0,0,0,0,0,0,1,0.0,0.0
510,0030650e256e,0,0,0,0,0,0,1,0.0,0.0
511,0030655aba2b,0,0,0,0,0,0,1,0.0,0.0
512,00055d3f9e36,0,0,0,0,0,0,1,0.0,0.0
513,00022d0acaae,0,0,0,0,0,0,1,0.0,0.0
514,00306515e148,0,0,0,0,0,0,1,0.0,0.0
515,003065ec0acf,0,0,0,0,0,0,1,0.0,0.0
516,003065070118,0,0,0,0,0,0,1,0.0,0.0
517,003065b79947,0,0,0,0,0,0,1,0.0,0.0
518,00601d45010d,0,0,0,0,0,0,1,0.0,0.0
519,003065523bf8,0,0,0,0,0,0,1,0.0,0.0
520,0030654da3fe,0,0,0,0,0,0,1,0.0,0.0
521,00601d80733e,0,0,0,0,0,0,1,0.0,0.0
522,00601dbca844,0,0,0,0,0,0,1,0.0,0.0
523,003065180458,0,0,0,0,0,0,1,0.0,0.0
524,00601d3dd7ab,0,0,0,0,0,0,1,0.0,0.0
525,004096ae00ba,0,0,0,0,0,0,1,0.0,0.0
526,003065fa2d3f,0,0,0,0,0,0,1,0.0,0.0
527,00409651cb55,0,0,0,0,0,0,1,0.0,0.0
528,0030659f47e3,0,0,0,0,0,0,1,0.0,0.0
529,00306566706e,0,0,0,0,0,0,1,0.0,0.0
530,003065b14b46,0,0,0,0,0,0,1,0.0,0.0
531,0000c5112528,0,0,0,0,0,0,1,0.0,0.0
532,0040969b4aa7,0,0,0,0,0,0,1,0.0,0.0
533,004096e8a84a,0,0,0,0,0,0,1,0.0,0.0
534,004096c09135,0,0,0,0,0,0,1,0.0,0.0
535,00022dfc2637,0,0,0,0,0,0,1,0.0,0.0
536,00022d8af92a,0,0,0,0,0,0,1,0.0,0.0
537,004096b13dad,0,0,0,0,0,0,1,0.0,0.0
538,00409634ff93,0,0,0,0,0,0,1,0.0,0.0
539,0040966b410c,0,0,0,0,0,0,1,0.0,0.0
540,0040967782c7,0,0,0,0,0,0,1,0.0,0.0
541,004096804e68,0,0,0,0,0,0,1,0.0,0.0
542,004096832293,0,0,0,0,0,0,1,0.0,0.0
543,00409678cacd,0,0,0,0,0,0,1,0.0,0.0
544,0040967d944a,0,0,0,0,0,0,1,0.0,0.0
545,003065f86c99,0,0,0,0,0,0,1,0.0,0.0
546,0030657c9cc4,0,0,0,0,0,0,1,0.0,0.0
547,0040968a7c4d,0,0,0,0,0,0,1,0.0,0.0
548,003065d46a5d,0,0,0,0,0,0,1,0.0,0.0
549,004096c42249,0,0,0,0,0,0,1,0.0,0.0
550,00409621e50c,0,0,0,0,0,0,1,0.0,0.0
551,004096d0dae0,0,0,0,0,0,0,1,0.0,0.0
552,0030652f3b0c,0,0,0,0,0,0,1,0.0,0.0
553,0040963872df,0,0,0,0,0,0,1,0.0,0.0
554,00409609e8de,0,0,0,0,0,0,1,0.0,0.0
555,0040965515da,0,0,0,0,0,0,1,0.0,0.0
556,004096e0b13c,0,0,0,0,0,0,1,0.0,0.0
557,004096c2915e,0,0,0,0,0,0,1,0.0,0.0
558,0040962a7f18,0,0,0,0,0,0,1,0.0,0.0
559,0040969e99c3,0,0,0,0,0,0,1,0.0,0.0
560,004096d2e28b,0,0,0,0,0,0,1,0.0,0.0
561,00409650f3c3,0,0,0,0,0,0,1,0.0,0.0
562,00409698e339,0,0,0,0,0,0,1,0.0,0.0
563,0030658040fb,0,0,0,0,0,0,1,0.0,0.0
564,00306508f424,0,0,0,0,0,0,1,0.0,0.0
565,004096b23ecb,0,0,0,0,0,0,1,0.0,0.0
566,0040967981e2,0,0,0,0,0,0,1,0.0,0.0
567,00409691e655,0,0,0,0,0,0,1,0.0,0.0
568,00022d16902c,0,0,0,0,0,0,1,0.0,0.0
569,0030657742ad,0,0,0,0,0,0,1,0.0,0.0
570,0040960e07a6,0,0,0,0,0,0,1,0.0,0.0
571,00e02982bc0b,0,0,0,0,0,0,1,0.0,0.0
572,004096aa0d58,0,0,0,0,0,0,1,0.0,0.0
573,00409646de3e,0,0,0,0,0,0,1,0.0,0.0
574,004096a33c26,0,0,0,0,0,0,1,0.0,0.0
575,00022df12826,0,0,0,0,0,0,1,0.0,0.0
576,004096dfe794,0,0,0,0,0,0,1,0.0,0.0
577,0040968dd4c2,0,0,0,0,0,0,1,0.0,0.0
578,004096991e43,0,0,0,0,0,0,1,0.0,0.0
579,0040962a8b0f,0,0,0,0,0,0,1,0.0,0.0
580,00409676ac9e,0,0,0,0,0,0,1,0.0,0.0
581,003065a5183c,0,0,0,0,0,0,1,0.0,0.0
582,00409698f7ff,0,0,0,0,0,0,1,0.0,0.0
583,004096d79746,0,0,0,0,0,0,1,0.0,0.0
584,004096bf314c,0,0,0,0,0,0,1,0.0,0.0
585,004096e58928,0,0,0,0,0,0,1,0.0,0.0
586,004096381dda,0,0,0,0,0,0,1,0.0,0.0
587,004096695591,0,0,0,0,0,0,1,0.0,0.0
588,004096ebbe77,0,0,0,0,0,0,1,0.0,0.0
589,004096b2898f,0,0,0,0,0,0,1,0.0,0.0
590,004096d002f7,0,0,0,0,0,0,1,0.0,0.0
591,00409634edaf,0,0,0,0,0,0,1,0.0,0.0
592,0040965f59fe,0,0,0,0,0,0,1,0.0,0.0
593,00409602f4d0,0,0,0,0,0,0,1,0.0,0.0
594,004096a1b628,0,0,0,0,0,0,1,0.0,0.0
595,004096720a65,0,0,0,0,0,0,1,0.0,0.0
596,00409621bd4b,0,0,0,0,0,0,1,0.0,0.0
597,004096bab5ed,0,0,0,0,0,0,1,0.0,0.0
598,004096d7ea94,0,0,0,0,0,0,1,0.0,0.0
599,0040965227a7,0,0,0,0,0,0,1,0.0,0.0
600,004096b0a651,0,0,0,0,0,0,1,0.0,0.0
601,0040967ee136,0,0,0,0,0,0,1,0.0,0.0
602,00409699e969,0,0,0,0,0,0,1,0.0,0.0
603,004096188341,0,0,0,0,0,0,1,0.0,0.0
604,0040962923a3,0,0,0,0,0,0,1,0.0,0.0
605,004096590ce2,0,0,0,0,0,0,1,0.0,0.0
606,004096cf0b33,0,0,0,0,0,0,1,0.0,0.0
607,0040967f43a6,0,0,0,0,0,0,1,0.0,0.0
608,00409664066b,0,0,0,0,0,0,1,0.0,0.0
609,004096097efc,0,0,0,0,0,0,1,0.0,0.0
610,0040961a27e4,0,0,0,0,0,0,1,0.0,0.0
611,004096247537,0,0,0,0,0,0,1,0.0,0.0
612,0040963f9134,0,0,0,0,0,0,1,0.0,0.0
613,004096c7f491,0,0,0,0,0,0,1,0.0,0.0
614,0040963d1cb5,0,0,0,0,0,0,1,0.0,0.0
615,004096d31cc0,0,0,0,0,0,0,1,0.0,0.0
616,004096726a78,0,0,0,0,0,0,1,0.0,0.0
617,004096342f1e,0,0,0,0,0,0,1,0.0,0.0
618,004096e6f81a,0,0,0,0,0,0,1,0.0,0.0
619,0040968375ba,0,0,0,0,0,0,1,0.0,0.0
620,00409672bcfe,0,0,0,0,0,0,1,0.0,0.0
621,0040963ecc50,0,0,0,0,0,0,1,0.0,0.0
622,00409651890c,0,0,0,0,0,0,1,0.0,0.0
623,004096bfd9e3,0,0,0,0,0,0,1,0.0,0.0
624,004096f9f44c,0,0,0,0,0,0,1,0.0,0.0
625,004096e5066c,0,0,0,0,0,0,1,0.0,0.0
626,00409633478c,0,0,0,0,0,0,1,0.0,0.0
627,00409641ff58,0,0,0,0,0,0,1,0.0,0.0
628,00601d45d1da,0,0,0,0,0,0,1,0.0,0.0
629,003065589dab,0,0,0,0,0,0,1,0.0,0.0
630,003065811f44,0,0,0,0,0,0,1,0.0,0.0
631,00409698a9df,0,0,0,0,0,0,1,0.0,0.0
632,003065e0a252,0,0,0,0,0,0,1,0.0,0.0
633,003065d15f99,0,0,0,0,0,0,1,0.0,0.0
634,003065e1777d,0,0,0,0,0,0,1,0.0,0.0
635,003065d6e947,0,0,0,0,0,0,1,0.0,0.0
636,0040962f096f,0,0,0,0,0,0,1,0.0,0.0
637,0040967cd43e,0,0,0,0,0,0,1,0.0,0.0
638,004096e995fa,0,0,0,0,0,0,1,0.0,0.0
639,004096fbd8ae,0,0,0,0,0,0,1,0.0,0.0
640,0040966ea058,0,0,0,0,0,0,1,0.0,0.0
641,004096884c68,0,0,0,0,0,0,1,0.0,0.0
642,00409658672c,0,0,0,0,0,0,1,0.0,0.0
643,004096a248c8,0,0,0,0,0,0,1,0.0,0.0
644,004096177335,0,0,0,0,0,0,1,0.0,0.0
645,00601d1196f3,0,0,0,0,0,0,1,0.0,0.0
646,00601db88cc8,0,0,0,0,0,0,1,0.0,0.0
647,003065d45f50,0,0,0,0,0,0,1,0.0,0.0
648,00032f292239,0,0,0,0,0,0,1,0.0,0.0
649,004096eead58,0,0,0,0,0,0,1,0.0,0.0
650,00409632f1ee,0,0,0,0,0,0,1,0.0,0.0
651,004096125cc4,0,0,0,0,0,0,1,0.0,0.0
652,004096c17832,0,0,0,0,0,0,1,0.0,0.0
653,00409610eae9,0,0,0,0,0,0,1,0.0,0.0
654,004096343b3b,0,0,0,0,0,0,1,0.0,0.0
655,004096331acd,0,0,0,0,0,0,1,0.0,0.0
656,0040962a7d5e,0,0,0,0,0,0,1,0.0,0.0
657,0040969121bd,0,0,0,0,0,0,1,0.0,0.0
658,004096e5a26a,0,0,0,0,0,0,1,0.0,0.0
659,004096b9a388,0,0,0,0,0,0,1,0.0,0.0
660,00022d8079a8,0,0,0,0,0,0,1,0.0,0.0
661,00409682f790,0,0,0,0,0,0,1,0.0,0.0
662,004096e9f288,0,0,0,0,0,0,1,0.0,0.0
663,00409667e6e1,0,0,0,0,0,0,1,0.0,0.0
664,004096ed8cda,0,0,0,0,0,0,1,0.0,0.0
665,00409614b0ba,0,0,0,0,0,0,1,0.0,0.0
666,004096ab4633,0,0,0,0,0,0,1,0.0,0.0
667,004096d75125,0,0,0,0,0,0,1,0.0,0.0
668,0040965ca1fd,0,0,0,0,0,0,1,0.0,0.0
669,0030650f7221,0,0,0,0,0,0,1,0.0,0.0
670,004096c0489e,0,0,0,0,0,0,1,0.0,0.0
671,0040963bafe4,0,0,0,0,0,0,1,0.0,0.0
672,004096036880,0,0,0,0,0,0,1,0.0,0.0
673,004096171888,0,0,0,0,0,0,1,0.0,0.0
674,004096226260,0,0,0,0,0,0,1,0.0,0.0
675,00306517e980,0,0,0,0,0,0,1,0.0,0.0
676,004096f1bf2a,0,0,0,0,0,0,1,0.0,0.0
677,0040960f0444,0,0,0,0,0,0,1,0.0,0.0
678,0040963a1a69,0,0,0,0,0,0,1,0.0,0.0
679,00409624bd57,0,0,0,0,0,0,1,0.0,0.0
680,0040966a3d5a,0,0,0,0,0,0,1,0.0,0.0
681,00409693c7b0,0,0,0,0,0,0,1,0.0,0.0
682,004096a1cca9,0,0,0,0,0,0,1,0.0,0.0
683,00409629beee,0,0,0,0,0,0,1,0.0,0.0
684,004096f9cab1,0,0,0,0,0,0,1,0.0,0.0
685,004096490cd7,0,0,0,0,0,0,1,0.0,0.0
686,004096d98b75,0,0,0,0,0,0,1,0.0,0.0
687,0040962c71be,0,0,0,0,0,0,1,0.0,0.0
688,00055dc05d5b,0,0,0,0,0,0,1,0.0,0.0
689,00409629fe7f,0,0,0,0,0,0,1,0.0,0.0
690,00409601011e,0,0,0,0,0,0,1,0.0,0.0
691,004096b135d7,0,0,0,0,0,0,1,0.0,0.0
692,004096376477,0,0,0,0,0,0,1,0.0,0.0
693,003065961a24,0,0,0,0,0,0,1,0.0,0.0
694,00409651bef9,0,0,0,0,0,0,1,0.0,0.0
695,0040967214c7,0,0,0,0,0,0,1,0.0,0.0
696,0040969b0446,0,0,0,0,0,0,1,0.0,0.0
697,004096f8261e,0,0,0,0,0,0,1,0.0,0.0
698,00306584c88a,0,0,0,0,0,0,1,0.0,0.0
699,0040961f513f,0,0,0,0,0,0,1,0.0,0.0
700,004096f009fd,0,0,0,0,0,0,1,0.0,0.0
701,004096b30f57,0,0,0,0,0,0,1,0.0,0.0
702,003065e96694,0,0,0,0,0,0,1,0.0,0.0
703,003065787324,0,0,0,0,0,0,1,0.0,0.0
704,0040966abfa8,0,0,0,0,0,0,1,0.0,0.0
705,004096b11c20,0,0,0,0,0,0,1,0.0,0.0
706,0040966660d4,0,0,0,0,0,0,1,0.0,0.0
707,0040963587b4,0,0,0,0,0,0,1,0.0,0.0
708,003065f2d70f,0,0,0,0,0,0,1,0.0,0.0
709,003065d9a457,0,0,0,0,0,0,1,0.0,0.0
710,00409664c8e1,0,0,0,0,0,0,1,0.0,0.0
711,00409629a622,0,0,0,0,0,0,1,0.0,0.0
712,003065475d11,0,0,0,0,0,0,1,0.0,0.0
713,003065bec3ec,0,0,0,0,0,0,1,0.0,0.0
714,003065616010,0,0,0,0,0,0,1,0.0,0.0
715,004096008bc8,0,0,0,0,0,0,1,0.0,0.0
716,004096dac05a,0,0,0,0,0,0,1,0.0,0.0
717,00409642f45a,0,0,0,0,0,0,1,0.0,0.0
718,00601d178927,0,0,0,0,0,0,1,0.0,0.0
719,003065fc7c07,0,0,0,0,0,0,1,0.0,0.0
720,004096a260e8,0,0,0,0,0,0,1,0.0,0.0
721,004096604052,0,0,0,0,0,0,1,0.0,0.0
722,00306500e164,0,0,0,0,0,0,1,0.0,0.0
723,003065518a84,0,0,0,0,0,0,1,0.0,0.0
724,0002a55a0817,0,0,0,0,0,0,1,0.0,0.0
725,00409650c94c,0,0,0,0,0,0,1,0.0,0.0
726,003065f06e02,0,0,0,0,0,0,1,0.0,0.0
727,0040963173d6,0,0,0,0,0,0,1,0.0,0.0
728,003065beae9e,0,0,0,0,0,0,1,0.0,0.0
729,0040965a5436,0,0,0,0,0,0,1,0.0,0.0
730,004096e1c767,0,0,0,0,0,0,1,0.0,0.0
731,004096535f77,0,0,0,0,0,0,1,0.0,0.0
732,004096354902,0,0,0,0,0,0,1,0.0,0.0
733,004096d342eb,0,0,0,0,0,0,1,0.0,0.0
734,0040962b0847,0,0,0,0,0,0,1,0.0,0.0
735,00022d5a3595,0,0,0,0,0,0,1,0.0,0.0
736,004096f3e315,0,0,0,0,0,0,1,0.0,0.0
737,004096b9188c,0,0,0,0,0,0,1,0.0,0.0
738,004096a6a965,0,0,0,0,0,0,1,0.0,0.0
739,004096340220,0,0,0,0,0,0,1,0.0,0.0
740,004096ca66a2,0,0,0,0,0,0,1,0.0,0.0
741,004096fe79f2,0,0,0,0,0,0,1,0.0,0.0
742,00409667d98c,0,0,0,0,0,0,1,0.0,0.0
743,00409684f3b2,0,0,0,0,0,0,1,0.0,0.0
744,003065f0d8a0,0,0,0,0,0,0,1,0.0,0.0
745,00070e5bf87b,0,0,0,0,0,0,1,0.0,0.0
746,00070e345f3f,0,0,0,0,0,0,1,0.0,0.0
747,003065d353f3,0,0,0,0,0,0,1,0.0,0.0
748,0040965ce637,0,0,0,0,0,0,1,0.0,0.0
749,00409656887f,0,0,0,0,0,0,1,0.0,0.0
750,004096034b62,0,0,0,0,0,0,1,0.0,0.0
751,004096b39235,0,0,0,0,0,0,1,0.0,0.0
752,004096a9edfa,0,0,0,0,0,0,1,0.0,0.0
753,0040961dbe3c,0,0,0,0,0,0,1,0.0,0.0
754,004096bcc4af,0,0,0,0,0,0,1,0.0,0.0
755,0040968047d7,0,0,0,0,0,0,1,0.0,0.0
756,00409665ab62,0,0,0,0,0,0,1,0.0,0.0
757,00409629cb6a,0,0,0,0,0,0,1,0.0,0.0
758,0040960be13f,0,0,0,0,0,0,1,0.0,0.0
759,004096f76088,0,0,0,0,0,0,1,0.0,0.0
760,00306540cc5b,0,0,0,0,0,0,1,0.0,0.0
761,00601d94305d,0,0,0,0,0,0,1,0.0,0.0
762,0040965ccc2c,0,0,0,0,0,0,1,0.0,0.0
763,00070ef7520f,0,0,0,0,0,0,1,0.0,0.0
764,00070ec3d09f,0,0,0,0,0,0,1,0.0,0.0
765,004096c34f0d,0,0,0,0,0,0,1,0.0,0.0
766,00409655cb4e,0,0,0,0,0,0,1,0.0,0.0
767,00409616ab43,0,0,0,0,0,0,1,0.0,0.0
768,004096829758,0,0,0,0,0,0,1,0.0,0.0
769,00022d6d4855,0,0,0,0,0,0,1,0.0,0.0
770,00032f98cf71,0,0,0,0,0,0,1,0.0,0.0
771,004096d4242e,0,0,0,0,0,0,1,0.0,0.0
772,00306577caa2,0,0,0,0,0,0,1,0.0,0.0
773,0040966efa4d,0,0,0,0,0,0,1,0.0,0.0
774,004096adb3a0,0,0,0,0,0,0,1,0.0,0.0
775,0040962091f9,0,0,0,0,0,0,1,0.0,0.0
776,004096d439f6,0,0,0,0,0,0,1,0.0,0.0
777,00306512e208,0,0,0,0,0,0,1,0.0,0.0
778,004096d9d100,0,0,0,0,0,0,1,0.0,0.0
779,0030657cd0bd,0,0,0,0,0,0,1,0.0,0.0
780,00409620f218,0,0,0,0,0,0,1,0.0,0.0
781,004096782b17,0,0,0,0,0,0,1,0.0,0.0
782,003065b36ad4,0,0,0,0,0,0,1,0.0,0.0
783,004096a5fe76,0,0,0,0,0,0,1,0.0,0.0
784,00409698d1af,0,0,0,0,0,0,1,0.0,0.0
785,0040966c93ee,0,0,0,0,0,0,1,0.0,0.0
786,00070ef23cbb,0,0,0,0,0,0,1,0.0,0.0
787,003065a48406,0,0,0,0,0,0,1,0.0,0.0
788,004096c0cdd2,0,0,0,0,0,0,1,0.0,0.0
789,00070e27c4f1,0,0,0,0,0,0,1,0.0,0.0
790,0040966ac174,0,0,0,0,0,0,1,0.0,0.0
791,00306544c58a,0,0,0,0,0,0,1,0.0,0.0
792,004096684347,0,0,0,0,0,0,1,0.0,0.0
793,00070e2d10e5,0,0,0,0,0,0,1,0.0,0.0
794,00070ee42b16,0,0,0,0,0,0,1,0.0,0.0
795,00070e3ef403,0,0,0,0,0,0,1,0.0,0.0
796,00070e986ccc,0,0,0,0,0,0,1,0.0,0.0
797,00409665b7f1,0,0,0,0,0,0,1,0.0,0.0
798,004096f9847b,0,0,0,0,0,0,1,0.0,0.0
799,004096b2fe93,0,0,0,0,0,0,1,0.0,0.0
800,004096f53386,0,0,0,0,0,0,1,0.0,0.0
801,00409648c683,0,0,0,0,0,0,1,0.0,0.0
802,0040961862fa,0,0,0,0,0,0,1,0.0,0.0
803,00070e9cf5c4,0,0,0,0,0,0,1,0.0,0.0
804,00070e90c524,0,0,0,0,0,0,1,0.0,0.0
805,0040969c0c3b,0,0,0,0,0,0,1,0.0,0.0
806,0040967f2581,0,0,0,0,0,0,1,0.0,0.0
807,0030656567d7,0,0,0,0,0,0,1,0.0,0.0
808,0040963d8400,0,0,0,0,0,0,1,0.0,0.0
809,00601db2ec16,0,0,0,0,0,0,1,0.0,0.0
810,00306589bd34,0,0,0,0,0,0,1,0.0,0.0
811,00022d7fd3ce,0,0,0,0,0,0,1,0.0,0.0
812,00045a7a0429,0,0,0,0,0,0,1,0.0,0.0
813,0004e218fdfa,0,0,0,0,0,0,1,0.0,0.0
814,00070e0da676,0,0,0,0,0,0,1,0.0,0.0
815,0040965a7ce7,0,0,0,0,0,0,1,0.0,0.0
816,004096fd60c9,0,0,0,0,0,0,1,0.0,0.0
817,004096bfea84,0,0,0,0,0,0,1,0.0,0.0
818,00022d234b47,0,0,0,0,0,0,1,0.0,0.0
819,00070e9150dd,0,0,0,0,0,0,1,0.0,0.0
820,00022d0acd45,0,0,0,0,0,0,1,0.0,0.0
821,003065670339,0,0,0,0,0,0,1,0.0,0.0
822,00409633275c,0,0,0,0,0,0,1,0.0,0.0
823,003065038734,0,0,0,0,0,0,1,0.0,0.0
824,003065472650,0,0,0,0,0,0,1,0.0,0.0
825,00306571ea92,0,0,0,0,0,0,1,0.0,0.0
826,00070e643764,0,0,0,0,0,0,1,0.0,0.0
827,00306560ef73,0,0,0,0,0,0,1,0.0,0.0
828,003065256c5a,0,0,0,0,0,0,1,0.0,0.0
829,004096689da9,0,0,0,0,0,0,1,0.0,0.0
830,003065f24aa9,0,0,0,0,0,0,1,0.0,0.0
831,003065d15da6,0,0,0,0,0,0,1,0.0,0.0
832,0050da8c7829,0,0,0,0,0,0,1,0.0,0.0
833,0040964422db,0,0,0,0,0,0,1,0.0,0.0
834,004096f872ee,0,0,0,0,0,0,1,0.0,0.0
835,00022dd4bf89,0,0,0,0,0,0,1,0.0,0.0
836,00070eb47270,0,0,0,0,0,0,1,0.0,0.0
837,0030655e363b,0,0,0,0,0,0,1,0.0,0.0
838,00306563577a,0,0,0,0,0,0,1,0.0,0.0
839,00070e600d72,0,0,0,0,0,0,1,0.0,0.0
840,00306522f028,0,0,0,0,0,0,1,0.0,0.0
841,00022d4a7397,0,0,0,0,0,0,1,0.0,0.0
842,00409695d75c,0,0,0,0,0,0,1,0.0,0.0
843,003065d625db,0,0,0,0,0,0,1,0.0,0.0
844,004096da50ba,0,0,0,0,0,0,1,0.0,0.0
845,00070e7040c6,0,0,0,0,0,0,1,0.0,0.0
846,003065c81c1f,0,0,0,0,0,0,1,0.0,0.0
847,00070e7a8075,0,0,0,0,0,0,1,0.0,0.0
848,0030656a58d2,0,0,0,0,0,0,1,0.0,0.0
849,00070e024d72,0,0,0,0,0,0,1,0.0,0.0
850,00055d7a9277,0,0,0,0,0,0,1,0.0,0.0
851,00070ebde5d1,0,0,0,0,0,0,1,0.0,0.0
852,00070ec95843,0,0,0,0,0,0,1,0.0,0.0
853,00306558b077,0,0,0,0,0,0,1,0.0,0.0
854,00070ea559a4,0,0,0,0,0,0,1,0.0,0.0
855,003065329902,0,0,0,0,0,0,1,0.0,0.0
856,0030654d7f26,0,0,0,0,0,0,1,0.0,0.0
857,00409690d637,0,0,0,0,0,0,1,0.0,0.0
858,004096bbd901,0,0,0,0,0,0,1,0.0,0.0
859,00070e5d994b,0,0,0,0,0,0,1,0.0,0.0
860,00045a2cb8c5,0,0,0,0,0,0,1,0.0,0.0
861,00070ea350b9,0,0,0,0,0,0,1,0.0,0.0
862,00022dea0c1c,0,0,0,0,0,0,1,0.0,0.0
863,003065d8954a,0,0,0,0,0,0,1,0.0,0.0
864,00070ecff12b,0,0,0,0,0,0,1,0.0,0.0
865,00306557dbd9,0,0,0,0,0,0,1,0.0,0.0
866,00306553c48d,0,0,0,0,0,0,1,0.0,0.0
867,00070e498f9b,0,0,0,0,0,0,1,0.0,0.0
868,00409635b95c,0,0,0,0,0,0,1,0.0,0.0
869,00022dd78ec3,0,0,0,0,0,0,1,0.0,0.0
870,003065cd15fa,0,0,0,0,0,0,1,0.0,0.0
871,004096476ea0,0,0,0,0,0,0,1,0.0,0.0
872,00409681f307,0,0,0,0,0,0,1,0.0,0.0
873,004096f82115,0,0,0,0,0,0,1,0.0,0.0
874,004096d433b0,0,0,0,0,0,0,1,0.0,0.0
875,00070eddb470,0,0,0,0,0,0,1,0.0,0.0
876,00306508bc6b,0,0,0,0,0,0,1,0.0,0.0
877,00400503ff18,0,0,0,0,0,0,1,0.0,0.0
878,003065119ab9,0,0,0,0,0,0,1,0.0,0.0
879,003065170c68,0,0,0,0,0,0,1,0.0,0.0
880,003065f78617,0,0,0,0,0,0,1,0.0,0.0
881,00070edfc293,0,0,0,0,0,0,1,0.0,0.0
882,00070e0341ea,0,0,0,0,0,0,1,0.0,0.0
883,00022ddc8fcc,0,0,0,0,0,0,1,0.0,0.0
884,00022d474513,0,0,0,0,0,0,1,0.0,0.0
885,00070e222990,0,0,0,0,0,0,1,0.0,0.0
886,004096bbd674,0,0,0,0,0,0,1,0.0,0.0
887,00070e195da6,0,0,0,0,0,0,1,0.0,0.0
888,0030655cd5a4,0,0,0,0,0,0,1,0.0,0.0
889,00070e890870,0,0,0,0,0,0,1,0.0,0.0
890,00022d9ad9a8,0,0,0,0,0,0,1,0.0,0.0
891,00306596114b,0,0,0,0,0,0,1,0.0,0.0
892,00070ef98aa4,0,0,0,0,0,0,1,0.0,0.0
893,00022d4e9f5d,0,0,0,0,0,0,1,0.0,0.0
894,0030657a5a0c,0,0,0,0,0,0,1,0.0,0.0
895,00070e76a057,0,0,0,0,0,0,1,0.0,0.0
896,00070e4596f2,0,0,0,0,0,0,1,0.0,0.0
897,00022d0dba0a,0,0,0,0,0,0,1,0.0,0.0
898,00306518c5a8,0,0,0,0,0,0,1,0.0,0.0
899,00070ee5b7b6,0,0,0,0,0,0,1,0.0,0.0
900,00070e4d4a8c,0,0,0,0,0,0,1,0.0,0.0
901,00022d3a90dc,0,0,0,0,0,0,1,0.0,0.0
902,00070e7d86ce,0,0,0,0,0,0,1,0.0,0.0
903,0030657c4963,0,0,0,0,0,0,1,0.0,0.0
904,00022d74b88c,0,0,0,0,0,0,1,0.0,0.0
905,00070e98571c,0,0,0,0,0,0,1,0.0,0.0
906,00070effea50,0,0,0,0,0,0,1,0.0,0.0
907,00306504af5b,0,0,0,0,0,0,1,0.0,0.0
908,00022d616bfd,0,0,0,0,0,0,1,0.0,0.0
909,00070e4b8517,0,0,0,0,0,0,1,0.0,0.0
910,003065e9fd3c,0,0,0,0,0,0,1,0.0,0.0
911,0030653b2dd5,0,0,0,0,0,0,1,0.0,0.0
912,00045a4f11e6,0,0,0,0,0,0,1,0.0,0.0
913,00022df01cf2,0,0,0,0,0,0,1,0.0,0.0
914,00022d2ef885,0,0,0,0,0,0,1,0.0,0.0
915,00022d918598,0,0,0,0,0,0,1,0.0,0.0
916,003065255dc9,0,0,0,0,0,0,1,0.0,0.0
917,00022dc237eb,0,0,0,0,0,0,1,0.0,0.0
918,00022d6de645,0,0,0,0,0,0,1,0.0,0.0
919,00022d31c968,0,0,0,0,0,0,1,0.0,0.0
920,0040969561e9,0,0,0,0,0,0,1,0.0,0.0
921,0030657c51b6,0,0,0,0,0,0,1,0.0,0.0
922,00022dd7320a,0,0,0,0,0,0,1,0.0,0.0
923,00070e6a7fcb,0,0,0,0,0,0,1,0.0,0.0
924,003065621f40,0,0,0,0,0,0,1,0.0,0.0
925,00070e822948,0,0,0,0,0,0,1,0.0,0.0
926,00306528b50a,0,0,0,0,0,0,1,0.0,0.0
927,003065f70318,0,0,0,0,0,0,1,0.0,0.0
928,00022dc5e0ed,0,0,0,0,0,0,1,0.0,0.0
929,003065c6cc25,0,0,0,0,0,0,1,0.0,0.0
930,0030656c5016,0,0,0,0,0,0,1,0.0,0.0
931,003065ce1caf,0,0,0,0,0,0,1,0.0,0.0
932,00070e4a5699,0,0,0,0,0,0,1,0.0,0.0
933,00022d53d15f,0,0,0,0,0,0,1,0.0,0.0
934,00022db16787,0,0,0,0,0,0,1,0.0,0.0
935,00022db920e2,0,0,0,0,0,0,1,0.0,0.0
936,003065bd27f5,0,0,0,0,0,0,1,0.0,0.0
937,00022d2084bf,0,0,0,0,0,0,1,0.0,0.0
938,0030650e42ca,0,0,0,0,0,0,1,0.0,0.0
939,003065148f6e,0,0,0,0,0,0,1,0.0,0.0
940,0030651685f3,0,0,0,0,0,0,1,0.0,0.0
941,0030652529c5,0,0,0,0,0,0,1,0.0,0.0
942,00070ef1d18d,0,0,0,0,0,0,1,0.0,0.0
943,00306524b6b4,0,0,0,0,0,0,1,0.0,0.0
944,003065303bef,0,0,0,0,0,0,1,0.0,0.0
945,00022df21fa5,0,0,0,0,0,0,1,0.0,0.0
946,00022d7950f8,0,0,0,0,0,0,1,0.0,0.0
947,00022d6a4333,0,0,0,0,0,0,1,0.0,0.0
948,003065ef5104,0,0,0,0,0,0,1,0.0,0.0
949,0030651dafd1,0,0,0,0,0,0,1,0.0,0.0
950,00022d16cb2c,0,0,0,0,0,0,1,0.0,0.0
951,0030653785ec,0,0,0,0,0,0,1,0.0,0.0
952,00022d9db02b,0,0,0,0,0,0,1,0.0,0.0
953,003065dad7c6,0,0,0,0,0,0,1,0.0,0.0
954,00022d206286,0,0,0,0,0,0,1,0.0,0.0
955,00022dfd9f49,0,0,0,0,0,0,1,0.0,0.0
956,00022dc84304,0,0,0,0,0,0,1,0.0,0.0
957,00022d50bf22,0,0,0,0,0,0,1,0.0,0.0
958,00306582c4fa,0,0,0,0,0,0,1,0.0,0.0
959,00022df9d9e8,0,0,0,0,0,0,1,0.0,0.0
960,003065d1dade,0,0,0,0,0,0,1,0.0,0.0
961,00022dc12989,0,0,0,0,0,0,1,0.0,0.0
962,00022d74324e,0,0,0,0,0,0,1,0.0,0.0
963,00022dbdff59,0,0,0,0,0,0,1,0.0,0.0
964,00022deb274f,0,0,0,0,0,0,1,0.0,0.0
965,00022d5e55e4,0,0,0,0,0,0,1,0.0,0.0
966,00022d42900e,0,0,0,0,0,0,1,0.0,0.0
967,00022d8a85c7,0,0,0,0,0,0,1,0.0,0.0
968,003065f87197,0,0,0,0,0,0,1,0.0,0.0
969,003065a6b090,0,0,0,0,0,0,1,0.0,0.0
970,00022d5ee8b2,0,0,0,0,0,0,1,0.0,0.0
971,00022d13b898,0,0,0,0,0,0,1,0.0,0.0
972,00022d67e557,0,0,0,0,0,0,1,0.0,0.0
973,00022d5c2a3f,0,0,0,0,0,0,1,0.0,0.0
974,00022d582282,0,0,0,0,0,0,1,0.0,0.0
975,00022db09e75,0,0,0,0,0,0,1,0.0,0.0
976,00022d540de1,0,0,0,0,0,0,1,0.0,0.0
977,00022d756a48,0,0,0,0,0,0,1,0.0,0.0
978,00022dac4215,0,0,0,0,0,0,1,0.0,0.0
979,0030658881dd,0,0,0,0,0,0,1,0.0,0.0
980,00022d953280,0,0,0,0,0,0,1,0.0,0.0
981,00022d567998,0,0,0,0,0,0,1,0.0,0.0
982,0030659b531b,0,0,0,0,0,0,1,0.0,0.0
983,00022d8b83b9,0,0,0,0,0,0,1,0.0,0.0
984,00022d793f4a,0,0,0,0,0,0,1,0.0,0.0
985,00022d8f617b,0,0,0,0,0,0,1,0.0,0.0
986,00022d28b37f,0,0,0,0,0,0,1,0.0,0.0
987,00022d065023,0,0,0,0,0,0,1,0.0,0.0
988,00070e63b43f,0,0,0,0,0,0,1,0.0,0.0
989,00022dfab909,0,0,0,0,0,0,1,0.0,0.0
990,00022dd54817,0,0,0,0,0,0,1,0.0,0.0
991,00022d70611b,0,0,0,0,0,0,1,0.0,0.0
992,00022dc96c46,0,0,0,0,0,0,1,0.0,0.0
993,00306532d47d,0,0,0,0,0,0,1,0.0,0.0
994,00070ec38e26,0,0,0,0,0,0,1,0.0,0.0
995,00022d8d661b,0,0,0,0,0,0,1,0.0,0.0
996,00022d069f0a,0,0,0,0,0,0,1,0.0,0.0
997,00022d6f79ca,0,0,0,0,0,0,1,0.0,0.0
998,00022d63038b,0,0,0,0,0,0,1,0.0,0.0
999,00022d53fb99,0,0,0,0,0,0,1,0.0,0.0
1000,00022df85fe8,0,0,0,0,0,0,1,0.0,0.0
1001,00022da5c544,0,0,0,0,0,0,1,0.0,0.0
1002,00306522f920,0,0,0,0,0,0,1,0.0,0.0
1003,00022d9f4b93,0,0,0,0,0,0,1,0.0,0.0
1004,00022d0c2e8c,0,0,0,0,0,0,1,0.0,0.0
1005,00022d92b918,0,0,0,0,0,0,1,0.0,0.0
1006,00022d534e21,0,0,0,0,0,0,1,0.0,0.0
1007,00022d3c5ba1,0,0,0,0,0,0,1,0.0,0.0
1008,00022de1c6c1,0,0,0,0,0,0,1,0.0,0.0
1009,00022d0f7647,0,0,0,0,0,0,1,0.0,0.0
1010,00022da1ac4a,0,0,0,0,0,0,1,0.0,0.0
1011,003065b5e7b5,0,0,0,0,0,0,1,0.0,0.0
1012,00022dbb95de,0,0,0,0,0,0,1,0.0,0.0
1013,00022d5bf7fd,0,0,0,0,0,0,1,0.0,0.0
1014,00022d3547d4,0,0,0,0,0,0,1,0.0,0.0
1015,00022de72dfb,0,0,0,0,0,0,1,0.0,0.0
1016,00022dc32046,0,0,0,0,0,0,1,0.0,0.0
1017,00022dcc306a,0,0,0,0,0,0,1,0.0,0.0
1018,003065779a07,0,0,0,0,0,0,1,0.0,0.0
1019,00022da6dc90,0,0,0,0,0,0,1,0.0,0.0
1020,00022dfc88ad,0,0,0,0,0,0,1,0.0,0.0
1021,00022d3eaf68,0,0,0,0,0,0,1,0.0,0.0
1022,00022d2b74ac,0,0,0,0,0,0,1,0.0,0.0
1023,00022d73dced,0,0,0,0,0,0,1,0.0,0.0
1024,00306598aff2,0,0,0,0,0,0,1,0.0,0.0
1025,00022d174798,0,0,0,0,0,0,1,0.0,0.0
1026,00022d0a0110,0,0,0,0,0,0,1,0.0,0.0
1027,00022d82bf5c,0,0,0,0,0,0,1,0.0,0.0
1028,0030651a41c5,0,0,0,0,0,0,1,0.0,0.0
1029,00306520fea0,0,0,0,0,0,0,1,0.0,0.0
1030,00022d708bda,0,0,0,0,0,0,1,0.0,0.0
1031,00022d291948,0,0,0,0,0,0,1,0.0,0.0
1032,00022d935952,0,0,0,0,0,0,1,0.0,0.0
1033,00022dce8fff,0,0,0,0,0,0,1,0.0,0.0
1034,003065764cf3,0,0,0,0,0,0,1,0.0,0.0
1035,00022d8ac2e5,0,0,0,0,0,0,1,0.0,0.0
1036,00022d6a8e0d,0,0,0,0,0,0,1,0.0,0.0
1037,00022d355eef,0,0,0,0,0,0,1,0.0,0.0
1038,00022dde97cc,0,0,0,0,0,0,1,0.0,0.0
1039,00022d48fbf9,0,0,0,0,0,0,1,0.0,0.0
1040,00022d6006c2,0,0,0,0,0,0,1,0.0,0.0
1041,003065d66ce7,0,0,0,0,0,0,1,0.0,0.0
1042,00022d10561a,0,0,0,0,0,0,1,0.0,0.0
1043,00022dc8b9d5,0,0,0,0,0,0,1,0.0,0.0
1044,00022d0419e0,0,0,0,0,0,0,1,0.0,0.0
1045,00022dcff8df,0,0,0,0,0,0,1,0.0,0.0
1046,00022d3239f4,0,0,0,0,0,0,1,0.0,0.0
1047,0030653e6b19,0,0,0,0,0,0,1,0.0,0.0
1048,003065eb59dd,0,0,0,0,0,0,1,0.0,0.0
1049,003065931e19,0,0,0,0,0,0,1,0.0,0.0
1050,00022d220b6e,0,0,0,0,0,0,1,0.0,0.0
1051,00306564c1ad,0,0,0,0,0,0,1,0.0,0.0
1052,003065b8a530,0,0,0,0,0,0,1,0.0,0.0
1053,0030657aef4d,0,0,0,0,0,0,1,0.0,0.0
1054,00022d8dc481,0,0,0,0,0,0,1,0.0,0.0
1055,0030653e6992,0,0,0,0,0,0,1,0.0,0.0
1056,00022daf0b74,0,0,0,0,0,0,1,0.0,0.0
1057,00022d373b1d,0,0,0,0,0,0,1,0.0,0.0
1058,00022d83f767,0,0,0,0,0,0,1,0.0,0.0
1059,0030657474a0,0,0,0,0,0,0,1,0.0,0.0
1060,00022dcb532b,0,0,0,0,0,0,1,0.0,0.0
1061,003065f10395,0,0,0,0,0,0,1,0.0,0.0
1062,003065f57cfd,0,0,0,0,0,0,1,0.0,0.0
1063,00022d6cf92a,0,0,0,0,0,0,1,0.0,0.0
1064,00022d3d8a9a,0,0,0,0,0,0,1,0.0,0.0
1065,0030659ff646,0,0,0,0,0,0,1,0.0,0.0
1066,003065a80fbc,0,0,0,0,0,0,1,0.0,0.0
1067,0030651eac7c,0,0,0,0,0,0,1,0.0,0.0
1068,00022df1ad29,0,0,0,0,0,0,1,0.0,0.0
1069,00022dcf202c,0,0,0,0,0,0,1,0.0,0.0
1070,00306556ca1e,0,0,0,0,0,0,1,0.0,0.0
1071,00022db5dc60,0,0,0,0,0,0,1,0.0,0.0
1072,00070e616bdb,0,0,0,0,0,0,1,0.0,0.0
1073,003065d293cc,0,0,0,0,0,0,1,0.0,0.0
1074,0030654fe486,0,0,0,0,0,0,1,0.0,0.0
1075,00022d0f2fc3,0,0,0,0,0,0,1,0.0,0.0
1076,00306525d9af,0,0,0,0,0,0,1,0.0,0.0
1077,00022d1991d2,0,0,0,0,0,0,1,0.0,0.0
1078,00022d1a2eb8,0,0,0,0,0,0,1,0.0,0.0
1079,0030659c5db4,0,0,0,0,0,0,1,0.0,0.0
1080,003065abe3cc,0,0,0,0,0,0,1,0.0,0.0
1081,003065df4d9d,0,0,0,0,0,0,1,0.0,0.0
1082,003065b14f57,0,0,0,0,0,0,1,0.0,0.0
1083,00022d9740a0,0,0,0,0,0,0,1,0.0,0.0
1084,003065b21b85,0,0,0,0,0,0,1,0.0,0.0
1085,0030653b3e63,0,0,0,0,0,0,1,0.0,0.0
1086,0030655b0433,0,0,0,0,0,0,1,0.0,0.0
1087,003065e4ae6d,0,0,0,0,0,0,1,0.0,0.0
1088,003065dc2843,0,0,0,0,0,0,1,0.0,0.0
1089,003065070b3e,0,0,0,0,0,0,1,0.0,0.0
1090,00022d302e63,0,0,0,0,0,0,1,0.0,0.0
1091,00022da4dab8,0,0,0,0,0,0,1,0.0,0.0
1092,00022d981326,0,0,0,0,0,0,1,0.0,0.0
1093,0030656d3e94,0,0,0,0,0,0,1,0.0,0.0
1094,0030652efbdf,0,0,0,0,0,0,1,0.0,0.0
1095,0030653edf38,0,0,0,0,0,0,1,0.0,0.0
1096,00022de7affe,0,0,0,0,0,0,1,0.0,0.0
1097,0030656edfbf,0,0,0,0,0,0,1,0.0,0.0
1098,00022de856c3,0,0,0,0,0,0,1,0.0,0.0
1099,00022d3be9cd,0,0,0,0,0,0,1,0.0,0.0
1100,00070ebfa0fd,0,0,0,0,0,0,1,0.0,0.0
1101,003065ef3170,0,0,0,0,0,0,1,0.0,0.0
1102,00022d89f249,0,0,0,0,0,0,1,0.0,0.0
1103,003065de34f4,0,0,0,0,0,0,1,0.0,0.0
1104,003065e3a0ac,0,0,0,0,0,0,1,0.0,0.0
1105,00022d663eaf,0,0,0,0,0,0,1,0.0,0.0
1106,00022d86eac7,0,0,0,0,0,0,1,0.0,0.0
1107,00022d3a6e6f,0,0,0,0,0,0,1,0.0,0.0
1108,0030652e5f5c,0,0,0,0,0,0,1,0.0,0.0
1109,00022d887434,0,0,0,0,0,0,1,0.0,0.0
1110,00022d6702e9,0,0,0,0,0,0,1,0.0,0.0
1111,00022d9f41c2,0,0,0,0,0,0,1,0.0,0.0
1112,003065cc43e2,0,0,0,0,0,0,1,0.0,0.0
1113,00022d7fac10,0,0,0,0,0,0,1,0.0,0.0
1114,0030658a863c,0,0,0,0,0,0,1,0.0,0.0
1115,00306528767b,0,0,0,0,0,0,1,0.0,0.0
1116,00022da29111,0,0,0,0,0,0,1,0.0,0.0
1117,00022d45fe99,0,0,0,0,0,0,1,0.0,0.0
1118,00022d6b76f9,0,0,0,0,0,0,1,0.0,0.0
1119,00022d61ff93,0,0,0,0,0,0,1,0.0,0.0
1120,00022d26ac2c,0,0,0,0,0,0,1,0.0,0.0
1121,003065b1170b,0,0,0,0,0,0,1,0.0,0.0
1122,00022d5acb8b,0,0,0,0,0,0,1,0.0,0.0
1123,00022d8272f1,0,0,0,0,0,0,1,0.0,0.0
1124,00022dc20c36,0,0,0,0,0,0,1,0.0,0.0
1125,00306504ba8a,0,0,0,0,0,0,1,0.0,0.0
1126,00306501507d,0,0,0,0,0,0,1,0.0,0.0
1127,003065301d81,0,0,0,0,0,0,1,0.0,0.0
1128,0030656400d4,0,0,0,0,0,0,1,0.0,0.0
1129,0030655a8538,0,0,0,0,0,0,1,0.0,0.0
1130,00022d2c4c58,0,0,0,0,0,0,1,0.0,0.0
1131,0030653f75b3,0,0,0,0,0,0,1,0.0,0.0
1132,003065f80ed3,0,0,0,0,0,0,1,0.0,0.0
1133,00022dbc98a6,0,0,0,0,0,0,1,0.0,0.0
1134,00022de86cab,0,0,0,0,0,0,1,0.0,0.0
1135,00022db949fe,0,0,0,0,0,0,1,0.0,0.0
1136,00022d824820,0,0,0,0,0,0,1,0.0,0.0
1137,00022da5d784,0,0,0,0,0,0,1,0.0,0.0
1138,00022d043793,0,0,0,0,0,0,1,0.0,0.0
1139,00022dd878b4,0,0,0,0,0,0,1,0.0,0.0
1140,00022d82e062,0,0,0,0,0,0,1,0.0,0.0
1141,0030653d720e,0,0,0,0,0,0,1,0.0,0.0
1142,00022d2d96c0,0,0,0,0,0,0,1,0.0,0.0
1143,003065f41e38,0,0,0,0,0,0,1,0.0,0.0
1144,00070e962b4b,0,0,0,0,0,0,1,0.0,0.0
1145,00055dba1eb0,0,0,0,0,0,0,1,0.0,0.0
1146,00022dbe80f9,0,0,0,0,0,0,1,0.0,0.0
1147,003065a08a5a,0,0,0,0,0,0,1,0.0,0.0
1148,00022def62c5,0,0,0,0,0,0,1,0.0,0.0
1149,003065cabe2f,0,0,0,0,0,0,1,0.0,0.0
1150,00022d7ec54f,0,0,0,0,0,0,1,0.0,0.0
1151,0030657ab6a1,0,0,0,0,0,0,1,0.0,0.0
1152,003065d1c96e,0,0,0,0,0,0,1,0.0,0.0
1153,00022dd6023a,0,0,0,0,0,0,1,0.0,0.0
1154,00306508abc9,0,0,0,0,0,0,1,0.0,0.0
1155,00022dee8781,0,0,0,0,0,0,1,0.0,0.0
1156,00022d7214e9,0,0,0,0,0,0,1,0.0,0.0
1157,00022dd46462,0,0,0,0,0,0,1,0.0,0.0
1158,00022d8579f3,0,0,0,0,0,0,1,0.0,0.0
1159,003065a8d7e0,0,0,0,0,0,0,1,0.0,0.0
1160,00022dbc0cd1,0,0,0,0,0,0,1,0.0,0.0
1161,00022d8839e4,0,0,0,0,0,0,1,0.0,0.0
1162,00032f728124,0,0,0,0,0,0,1,0.0,0.0
1163,0030658c549d,0,0,0,0,0,0,1,0.0,0.0
1164,003065f85207,0,0,0,0,0,0,1,0.0,0.0
1165,00022dceefc2,0,0,0,0,0,0,1,0.0,0.0
1166,00022d890dcc,0,0,0,0,0,0,1,0.0,0.0
1167,003065576950,0,0,0,0,0,0,1,0.0,0.0
1168,003065754189,0,0,0,0,0,0,1,0.0,0.0
1169,00022d88e26a,0,0,0,0,0,0,1,0.0,0.0
1170,0030651d5bff,0,0,0,0,0,0,1,0.0,0.0
1171,003065fc676e,0,0,0,0,0,0,1,0.0,0.0
1172,00022d15f9ec,0,0,0,0,0,0,1,0.0,0.0
1173,0030651e6b26,0,0,0,0,0,0,1,0.0,0.0
1174,00022da23c8e,0,0,0,0,0,0,1,0.0,0.0
1175,0030652b62f7,0,0,0,0,0,0,1,0.0,0.0
1176,00022d621019,0,0,0,0,0,0,1,0.0,0.0
1177,0030654c155a,0,0,0,0,0,0,1,0.0,0.0
1178,00022dc313d5,0,0,0,0,0,0,1,0.0,0.0
1179,00306517f3f0,0,0,0,0,0,0,1,0.0,0.0
1180,00022dda2e72,0,0,0,0,0,0,1,0.0,0.0
1181,00022dae4796,0,0,0,0,0,0,1,0.0,0.0
1182,003065c9d841,0,0,0,0,0,0,1,0.0,0.0
1183,003065b0a3e3,0,0,0,0,0,0,1,0.0,0.0
1184,00022d19fd69,0,0,0,0,0,0,1,0.0,0.0
1185,00022d2bb3b9,0,0,0,0,0,0,1,0.0,0.0
1186,00022dfb7878,0,0,0,0,0,0,1,0.0,0.0
1187,003065dfd01d,0,0,0,0,0,0,1,0.0,0.0
1188,00022dc6a16d,0,0,0,0,0,0,1,0.0,0.0
1189,003065d20339,0,0,0,0,0,0,1,0.0,0.0
1190,00022ddc619e,0,0,0,0,0,0,1,0.0,0.0
1191,003065124a24,0,0,0,0,0,0,1,0.0,0.0
1192,00022de02fa4,0,0,0,0,0,0,1,0.0,0.0
1193,00022da0390a,0,0,0,0,0,0,1,0.0,0.0
1194,0030659d4803,0,0,0,0,0,0,1,0.0,0.0
1195,00070ee50040,0,0,0,0,0,0,1,0.0,0.0
1196,00022dfe3b4c,0,0,0,0,0,0,1,0.0,0.0
1197,00022d4bd5ae,0,0,0,0,0,0,1,0.0,0.0
1198,00022dba2ade,0,0,0,0,0,0,1,0.0,0.0
1199,00022d860898,0,0,0,0,0,0,1,0.0,0.0
1200,0040965fc9af,0,0,0,0,0,0,1,0.0,0.0
1201,00022db0af76,0,0,0,0,0,0,1,0.0,0.0
1202,00022d805abc,0,0,0,0,0,0,1,0.0,0.0
1203,00022de4929c,0,0,0,0,0,0,1,0.0,0.0
1204,00022d73432e,0,0,0,0,0,0,1,0.0,0.0
1205,00022dec383f,0,0,0,0,0,0,1,0.0,0.0
1206,00022deada2c,0,0,0,0,0,0,1,0.0,0.0
1207,00306525e56c,0,0,0,0,0,0,1,0.0,0.0
1208,00022d54963c,0,0,0,0,0,0,1,0.0,0.0
1209,0030655e112f,0,0,0,0,0,0,1,0.0,0.0
1210,00022d377505,0,0,0,0,0,0,1,0.0,0.0
1211,0030655b8a5c,0,0,0,0,0,0,1,0.0,0.0
1212,00022dc5a46d,0,0,0,0,0,0,1,0.0,0.0
1213,0030655d4d99,0,0,0,0,0,0,1,0.0,0.0
1214,003065dc7a03,0,0,0,0,0,0,1,0.0,0.0
1215,0030652b5290,0,0,0,0,0,0,1,0.0,0.0
1216,00022d2b3065,0,0,0,0,0,0,1,0.0,0.0
1217,003065cd85f8,0,0,0,0,0,0,1,0.0,0.0
1218,00022d8088f0,0,0,0,0,0,0,1,0.0,0.0
1219,00022d877b62,0,0,0,0,0,0,1,0.0,0.0
1220,00022d67a912,0,0,0,0,0,0,1,0.0,0.0
1221,00022d1e23a9,0,0,0,0,0,0,1,0.0,0.0
1222,00022db9a1ad,0,0,0,0,0,0,1,0.0,0.0
1223,003065b2b27c,0,0,0,0,0,0,1,0.0,0.0
1224,00306594bf86,0,0,0,0,0,0,1,0.0,0.0
1225,003065b8dfd5,0,0,0,0,0,0,1,0.0,0.0
1226,00022dbdc2a1,0,0,0,0,0,0,1,0.0,0.0
1227,00306539bb53,0,0,0,0,0,0,1,0.0,0.0
1228,00022d42c980,0,0,0,0,0,0,1,0.0,0.0
1229,00022d5164a6,0,0,0,0,0,0,1,0.0,0.0
1230,003065b5be78,0,0,0,0,0,0,1,0.0,0.0
1231,003065370b25,0,0,0,0,0,0,1,0.0,0.0
1232,00070ea6af2b,0,0,0,0,0,0,1,0.0,0.0
1233,00022dd34767,0,0,0,0,0,0,1,0.0,0.0
1234,003065f6c065,0,0,0,0,0,0,1,0.0,0.0
1235,00022d52e056,0,0,0,0,0,0,1,0.0,0.0
1236,0030651994a3,0,0,0,0,0,0,1,0.0,0.0
1237,00022d16f8be,0,0,0,0,0,0,1,0.0,0.0
1238,00022d261e3d,0,0,0,0,0,0,1,0.0,0.0
1239,00022d560ee1,0,0,0,0,0,0,1,0.0,0.0
1240,00022d057150,0,0,0,0,0,0,1,0.0,0.0
1241,00022d82bf9b,0,0,0,0,0,0,1,0.0,0.0
1242,00022dc898c3,0,0,0,0,0,0,1,0.0,0.0
1243,00022d264a94,0,0,0,0,0,0,1,0.0,0.0
1244,003065cb9cc0,0,0,0,0,0,0,1,0.0,0.0
1245,0030654e6cae,0,0,0,0,0,0,1,0.0,0.0
1246,00022de94669,0,0,0,0,0,0,1,0.0,0.0
1247,00022d105dcc,0,0,0,0,0,0,1,0.0,0.0
1248,00022d9762f3,0,0,0,0,0,0,1,0.0,0.0
1249,00022d9cf597,0,0,0,0,0,0,1,0.0,0.0
1250,00022dcc2d4c,0,0,0,0,0,0,1,0.0,0.0
1251,003065f47ac4,0,0,0,0,0,0,1,0.0,0.0
1252,00022df8e1ea,0,0,0,0,0,0,1,0.0,0.0
1253,00022ddda805,0,0,0,0,0,0,1,0.0,0.0
1254,00022d947089,0,0,0,0,0,0,1,0.0,0.0
1255,00306542bf9d,0,0,0,0,0,0,1,0.0,0.0
1256,00022dd62ccf,0,0,0,0,0,0,1,0.0,0.0
1257,0030650dc1a2,0,0,0,0,0,0,1,0.0,0.0
1258,00022d1d344d,0,0,0,0,0,0,1,0.0,0.0
1259,0030650d24e9,0,0,0,0,0,0,1,0.0,0.0
1260,0002b3a80855,0,0,0,0,0,0,1,0.0,0.0
1261,003065cffefc,0,0,0,0,0,0,1,0.0,0.0
1262,0030650c9784,0,0,0,0,0,0,1,0.0,0.0
1263,00022d967833,0,0,0,0,0,0,1,0.0,0.0
1264,00022d654205,0,0,0,0,0,0,1,0.0,0.0
1265,0030657de0cc,0,0,0,0,0,0,1,0.0,0.0
1266,003065d6a813,0,0,0,0,0,0,1,0.0,0.0
1267,0030653823d3,0,0,0,0,0,0,1,0.0,0.0
1268,003065a449ba,0,0,0,0,0,0,1,0.0,0.0
1269,00022d225d17,0,0,0,0,0,0,1,0.0,0.0
1270,003065fad4bf,0,0,0,0,0,0,1,0.0,0.0
1271,00022d1bf6c1,0,0,0,0,0,0,1,0.0,0.0
1272,003065ccff77,0,0,0,0,0,0,1,0.0,0.0
1273,0030653bd165,0,0,0,0,0,0,1,0.0,0.0
1274,00022d59c76f,0,0,0,0,0,0,1,0.0,0.0
1275,00022db87680,0,0,0,0,0,0,1,0.0,0.0
1276,003065366a61,0,0,0,0,0,0,1,0.0,0.0
1277,003065b6cd91,0,0,0,0,0,0,1,0.0,0.0
1278,00022d7b24fc,0,0,0,0,0,0,1,0.0,0.0
1279,00022dffffc0,0,0,0,0,0,0,1,0.0,0.0
1280,00022d1f43fa,0,0,0,0,0,0,1,0.0,0.0
1281,0800074394e1,0,0,0,0,0,0,1,0.0,0.0
1282,00022daef6a7,0,0,0,0,0,0,1,0.0,0.0
1283,00022db579de,0,0,0,0,0,0,1,0.0,0.0
1284,003065791566,0,0,0,0,0,0,1,0.0,0.0
1285,003065106c4c,0,0,0,0,0,0,1,0.0,0.0
1286,0030657c004c,0,0,0,0,0,0,1,0.0,0.0
1287,00070e15e6c4,0,0,0,0,0,0,1,0.0,0.0
1288,003065c9a40e,0,0,0,0,0,0,1,0.0,0.0
1289,00022dd1a115,0,0,0,0,0,0,1,0.0,0.0
1290,00022df4c24a,0,0,0,0,0,0,1,0.0,0.0
1291,00022d99bf74,0,0,0,0,0,0,1,0.0,0.0
1292,00022d2444e3,0,0,0,0,0,0,1,0.0,0.0
1293,003065ae0321,0,0,0,0,0,0,1,0.0,0.0
1294,00022d86981c,0,0,0,0,0,0,1,0.0,0.0
1295,00022d928887,0,0,0,0,0,0,1,0.0,0.0
1296,0030659a1f59,0,0,0,0,0,0,1,0.0,0.0
1297,00045af567ea,0,0,0,0,0,0,1,0.0,0.0
1298,003065c0ca42,0,0,0,0,0,0,1,0.0,0.0
1299,003065a317fe,0,0,0,0,0,0,1,0.0,0.0
1300,0030654186aa,0,0,0,0,0,0,1,0.0,0.0
1301,00022d67de39,0,0,0,0,0,0,1,0.0,0.0
1302,00022d428387,0,0,0,0,0,0,1,0.0,0.0
1303,0030659dbef2,0,0,0,0,0,0,1,0.0,0.0
1304,00022dd28f5b,0,0,0,0,0,0,1,0.0,0.0
1305,00022db896c6,0,0,0,0,0,0,1,0.0,0.0
1306,00070e573747,0,0,0,0,0,0,1,0.0,0.0
1307,003065ea75c6,0,0,0,0,0,0,1,0.0,0.0
1308,08004676bd2c,0,0,0,0,0,0,1,0.0,0.0
1309,00022d0547cb,0,0,0,0,0,0,1,0.0,0.0
1310,00022dddb033,0,0,0,0,0,0,1,0.0,0.0
1311,0030659a9cbb,0,0,0,0,0,0,1,0.0,0.0
1312,00022d0bd5b6,0,0,0,0,0,0,1,0.0,0.0
1313,00601ddf8659,0,0,0,0,0,0,1,0.0,0.0
1314,00022d466ccd,0,0,0,0,0,0,1,0.0,0.0
1315,0030659f61c2,0,0,0,0,0,0,1,0.0,0.0
1316,003065c10d48,0,0,0,0,0,0,1,0.0,0.0
1317,003065d3b264,0,0,0,0,0,0,1,0.0,0.0
1318,003065957840,0,0,0,0,0,0,1,0.0,0.0
1319,00022d30ecb4,0,0,0,0,0,0,1,0.0,0.0
1320,00022d4cadb6,0,0,0,0,0,0,1,0.0,0.0
1321,00022d933edb,0,0,0,0,0,0,1,0.0,0.0
1322,00022db81d32,0,0,0,0,0,0,1,0.0,0.0
1323,004096ca17aa,0,0,0,0,0,0,1,0.0,0.0
1324,003065d0c801,0,0,0,0,0,0,1,0.0,0.0
1325,00022d8d00c4,0,0,0,0,0,0,1,0.0,0.0
1326,00022d39bd42,0,0,0,0,0,0,1,0.0,0.0
1327,00022d2c4c18,0,0,0,0,0,0,1,0.0,0.0
1328,00022d264215,0,0,0,0,0,0,1,0.0,0.0
1329,00070ee12022,0,0,0,0,0,0,1,0.0,0.0
1330,003065bf0507,0,0,0,0,0,0,1,0.0,0.0
1331,00022d36d7da,0,0,0,0,0,0,1,0.0,0.0
1332,003065f10b3c,0,0,0,0,0,0,1,0.0,0.0
1333,00306597ca2b,0,0,0,0,0,0,1,0.0,0.0
1334,00022d4ec965,0,0,0,0,0,0,1,0.0,0.0
1335,00022dfb691c,0,0,0,0,0,0,1,0.0,0.0
1336,003065a96498,0,0,0,0,0,0,1,0.0,0.0
1337,00022dfbbf07,0,0,0,0,0,0,1,0.0,0.0
1338,003065a3ea1c,0,0,0,0,0,0,1,0.0,0.0
1339,00022d6a8a20,0,0,0,0,0,0,1,0.0,0.0
1340,00022d5e8bd7,0,0,0,0,0,0,1,0.0,0.0
1341,00022d14067c,0,0,0,0,0,0,1,0.0,0.0
1342,00022d504a18,0,0,0,0,0,0,1,0.0,0.0
1343,00022de139a3,0,0,0,0,0,0,1,0.0,0.0
1344,00022d063698,0,0,0,0,0,0,1,0.0,0.0
1345,00409601e273,0,0,0,0,0,0,1,0.0,0.0
1346,0030655d2b92,0,0,0,0,0,0,1,0.0,0.0
1347,00022d7d21f1,0,0,0,0,0,0,1,0.0,0.0
1348,004096b28975,0,0,0,0,0,0,1,0.0,0.0
1349,00022d2868d3,0,0,0,0,0,0,1,0.0,0.0
1350,00022d9e7e3c,0,0,0,0,0,0,1,0.0,0.0
1351,003065a5136e,0,0,0,0,0,0,1,0.0,0.0
1352,00022d6a7e95,0,0,0,0,0,0,1,0.0,0.0
1353,00022dddcf4c,0,0,0,0,0,0,1,0.0,0.0
1354,00022d19378f,0,0,0,0,0,0,1,0.0,0.0
1355,003065ccbe52,0,0,0,0,0,0,1,0.0,0.0
1356,00022d8b79e6,0,0,0,0,0,0,1,0.0,0.0
1357,00022d691e69,0,0,0,0,0,0,1,0.0,0.0
1358,00022d139d10,0,0,0,0,0,0,1,0.0,0.0
1359,00022def6910,0,0,0,0,0,0,1,0.0,0.0
1360,00022d1990f9,0,0,0,0,0,0,1,0.0,0.0
1361,00070e5add1f,0,0,0,0,0,0,1,0.0,0.0
1362,00070e0f5807,0,0,0,0,0,0,1,0.0,0.0
1363,00022d1967ef,0,0,0,0,0,0,1,0.0,0.0
1364,00022d0a08ec,0,0,0,0,0,0,1,0.0,0.0
1365,00022d4698b0,0,0,0,0,0,0,1,0.0,0.0
1366,00022d30024c,0,0,0,0,0,0,1,0.0,0.0
1367,00409676679e,0,0,0,0,0,0,1,0.0,0.0
1368,00070ec62062,0,0,0,0,0,0,1,0.0,0.0
1369,00022db78d37,0,0,0,0,0,0,1,0.0,0.0
1370,00306529e494,0,0,0,0,0,0,1,0.0,0.0
1371,00070e661235,0,0,0,0,0,0,1,0.0,0.0
1372,00022ddc299a,0,0,0,0,0,0,1,0.0,0.0
1373,00070e0a9409,0,0,0,0,0,0,1,0.0,0.0
1374,00022dc91696,0,0,0,0,0,0,1,0.0,0.0
1375,00022d1d5157,0,0,0,0,0,0,1,0.0,0.0
1376,004096e08609,0,0,0,0,0,0,1,0.0,0.0
1377,00022d7c0c1f,0,0,0,0,0,0,1,0.0,0.0
1378,00022df11cfc,0,0,0,0,0,0,1,0.0,0.0
1379,00022d127c74,0,0,0,0,0,0,1,0.0,0.0
1380,0030658cce2b,0,0,0,0,0,0,1,0.0,0.0
1381,00022ddc32c9,0,0,0,0,0,0,1,0.0,0.0
1382,003065537e86,0,0,0,0,0,0,1,0.0,0.0
1383,00409657b171,0,0,0,0,0,0,1,0.0,0.0
1384,00070e4937a5,0,0,0,0,0,0,1,0.0,0.0
1385,00070ea0bf54,0,0,0,0,0,0,1,0.0,0.0
1386,00022d159cd9,0,0,0,0,0,0,1,0.0,0.0
1387,00601df6d782,0,0,0,0,0,0,1,0.0,0.0
1388,00022daf4085,0,0,0,0,0,0,1,0.0,0.0
1389,00070ed3e063,0,0,0,0,0,0,1,0.0,0.0
1390,00070e09ecbb,0,0,0,0,0,0,1,0.0,0.0
1391,00022de21c87,0,0,0,0,0,0,1,0.0,0.0
1392,003065ff5016,0,0,0,0,0,0,1,0.0,0.0
1393,00070eb92ba1,0,0,0,0,0,0,1,0.0,0.0
1394,00022d25798d,0,0,0,0,0,0,1,0.0,0.0
1395,00022d433965,0,0,0,0,0,0,1,0.0,0.0
1396,00022dd21e73,0,0,0,0,0,0,1,0.0,0.0
1397,004096153bc6,0,0,0,0,0,0,1,0.0,0.0
1398,00022daff6d3,0,0,0,0,0,0,1,0.0,0.0
1399,0030654b4bcc,0,0,0,0,0,0,1,0.0,0.0
1400,00022d6a0c0e,0,0,0,0,0,0,1,0.0,0.0
1401,0030657dfb86,0,0,0,0,0,0,1,0.0,0.0
1402,00022d0b8e07,0,0,0,0,0,0,1,0.0,0.0
1403,00022de2d8c4,0,0,0,0,0,0,1,0.0,0.0
1404,00070ec8fba1,0,0,0,0,0,0,1,0.0,0.0
1405,00045a297f4f,0,0,0,0,0,0,1,0.0,0.0
1406,00022d02712d,0,0,0,0,0,0,1,0.0,0.0
1407,004096ef0b0b,0,0,0,0,0,0,1,0.0,0.0
1408,00022decf078,0,0,0,0,0,0,1,0.0,0.0
1409,0030ab1de3f9,0,0,0,0,0,0,1,0.0,0.0
1410,00070e2630cc,0,0,0,0,0,0,1,0.0,0.0
1411,00070e658395,0,0,0,0,0,0,1,0.0,0.0
1412,00022dabfd9c,0,0,0,0,0,0,1,0.0,0.0
1413,00022d04c12e,0,0,0,0,0,0,1,0.0,0.0
1414,0030656b4565,0,0,0,0,0,0,1,0.0,0.0
1415,0040961ec61a,0,0,0,0,0,0,1,0.0,0.0
1416,0040965de39e,0,0,0,0,0,0,1,0.0,0.0
1417,00022d461349,0,0,0,0,0,0,1,0.0,0.0
1418,00306532f97e,0,0,0,0,0,0,1,0.0,0.0
1419,00070ec2ba8d,0,0,0,0,0,0,1,0.0,0.0
1420,00070e33210f,0,0,0,0,0,0,1,0.0,0.0
1421,00022daabc58,0,0,0,0,0,0,1,0.0,0.0
1422,00070efdbeae,0,0,0,0,0,0,1,0.0,0.0
1423,00022d43595c,0,0,0,0,0,0,1,0.0,0.0
1424,00022de33e30,0,0,0,0,0,0,1,0.0,0.0
1425,00022d47468b,0,0,0,0,0,0,1,0.0,0.0
1426,00022d73151d,0,0,0,0,0,0,1,0.0,0.0
1427,00070ec54833,0,0,0,0,0,0,1,0.0,0.0
1428,003065d7098e,0,0,0,0,0,0,1,0.0,0.0
1429,00022ddcafd5,0,0,0,0,0,0,1,0.0,0.0
1430,00022d542a93,0,0,0,0,0,0,1,0.0,0.0
1431,003065f4341b,0,0,0,0,0,0,1,0.0,0.0
1432,00c04ff0bfac,0,0,0,0,0,0,1,0.0,0.0
1433,003065d38dd7,0,0,0,0,0,0,1,0.0,0.0
1434,00306586db65,0,0,0,0,0,0,1,0.0,0.0
1435,0020e0974f8f,0,0,0,0,0,0,1,0.0,0.0
1436,003065eb4ea4,0,0,0,0,0,0,1,0.0,0.0
1437,003065d0c649,0,0,0,0,0,0,1,0.0,0.0
1438,00070e0ec886,0,0,0,0,0,0,1,0.0,0.0
1439,00070e39486b,0,0,0,0,0,0,1,0.0,0.0
1440,003065953288,0,0,0,0,0,0,1,0.0,0.0
1441,00022d6cee77,0,0,0,0,0,0,1,0.0,0.0
1442,00070edd09c5,0,0,0,0,0,0,1,0.0,0.0
1443,0030656797d4,0,0,0,0,0,0,1,0.0,0.0
1444,00022df2008b,0,0,0,0,0,0,1,0.0,0.0
1445,00022d8c626f,0,0,0,0,0,0,1,0.0,0.0
1446,0030655ac50e,0,0,0,0,0,0,1,0.0,0.0
1447,00070e76a44a,0,0,0,0,0,0,1,0.0,0.0
1448,00022da25397,0,0,0,0,0,0,1,0.0,0.0
1449,00022dae7e8b,0,0,0,0,0,0,1,0.0,0.0
1450,00022d9c12a0,0,0,0,0,0,0,1,0.0,0.0
1451,00022da81ccd,0,0,0,0,0,0,1,0.0,0.0
1452,00070eaa1bc3,0,0,0,0,0,0,1,0.0,0.0
1453,00022d427771,0,0,0,0,0,0,1,0.0,0.0
1454,00306588d15f,0,0,0,0,0,0,1,0.0,0.0
1455,003065632446,0,0,0,0,0,0,1,0.0,0.0
1456,003065c7de33,0,0,0,0,0,0,1,0.0,0.0
1457,003065ad5c16,0,0,0,0,0,0,1,0.0,0.0
1458,00070e826a1e,0,0,0,0,0,0,1,0.0,0.0
1459,00070e5019f8,0,0,0,0,0,0,1,0.0,0.0
1460,00022d30cd9a,0,0,0,0,0,0,1,0.0,0.0
1461,00070e090fa9,0,0,0,0,0,0,1,0.0,0.0
1462,003065333fd0,0,0,0,0,0,0,1,0.0,0.0
1463,00022da4f041,0,0,0,0,0,0,1,0.0,0.0
1464,003065a47b4c,0,0,0,0,0,0,1,0.0,0.0
1465,00022df71ec5,0,0,0,0,0,0,1,0.0,0.0
1466,00022d759265,0,0,0,0,0,0,1,0.0,0.0
1467,00022d9a88d6,0,0,0,0,0,0,1,0.0,0.0
1468,003065575862,0,0,0,0,0,0,1,0.0,0.0
1469,003065c61123,0,0,0,0,0,0,1,0.0,0.0
1470,00022dd97c47,0,0,0,0,0,0,1,0.0,0.0
1471,00022daf15c1,0,0,0,0,0,0,1,0.0,0.0
1472,00022d8af0b6,0,0,0,0,0,0,1,0.0,0.0
1473,00022d7f7a6a,0,0,0,0,0,0,1,0.0,0.0
1474,00022ddd7303,0,0,0,0,0,0,1,0.0,0.0
1475,00022dd0db3c,0,0,0,0,0,0,1,0.0,0.0
1476,00022ddf7d20,0,0,0,0,0,0,1,0.0,0.0
1477,00022d2cef4e,0,0,0,0,0,0,1,0.0,0.0
1478,00022db92a32,0,0,0,0,0,0,1,0.0,0.0
1479,00022d66a632,0,0,0,0,0,0,1,0.0,0.0
1480,00022d690a66,0,0,0,0,0,0,1,0.0,0.0
1481,00022d2fda7a,0,0,0,0,0,0,1,0.0,0.0
1482,00022de0ca86,0,0,0,0,0,0,1,0.0,0.0
1483,00022d3c1b18,0,0,0,0,0,0,1,0.0,0.0
1484,00022d10f23e,0,0,0,0,0,0,1,0.0,0.0
1485,00022dce25e3,0,0,0,0,0,0,1,0.0,0.0
1486,00022d9f9f72,0,0,0,0,0,0,1,0.0,0.0
1487,00022d53a214,0,0,0,0,0,0,1,0.0,0.0
1488,00070e3ba02b,0,0,0,0,0,0,1,0.0,0.0
1489,00022d736c4e,0,0,0,0,0,0,1,0.0,0.0
1490,00070ea71ad6,0,0,0,0,0,0,1,0.0,0.0
1491,00022d67b704,0,0,0,0,0,0,1,0.0,0.0
1492,00022d6bb1c7,0,0,0,0,0,0,1,0.0,0.0
1493,00070e19979c,0,0,0,0,0,0,1,0.0,0.0
1494,00022db1152a,0,0,0,0,0,0,1,0.0,0.0
1495,00022dedee16,0,0,0,0,0,0,1,0.0,0.0
1496,00022d4af699,0,0,0,0,0,0,1,0.0,0.0
1497,00022dbb4783,0,0,0,0,0,0,1,0.0,0.0
1498,00022d46383a,0,0,0,0,0,0,1,0.0,0.0
1499,00022dab028e,0,0,0,0,0,0,1,0.0,0.0
1500,00022d8db8e0,0,0,0,0,0,0,1,0.0,0.0
1501,00022dca3ee8,0,0,0,0,0,0,1,0.0,0.0
1502,003065a3bc9d,0,0,0,0,0,0,1,0.0,0.0
1503,00070e985250,0,0,0,0,0,0,1,0.0,0.0
1504,00022dadd6d1,0,0,0,0,0,0,1,0.0,0.0
1505,00022dd9a64d,0,0,0,0,0,0,1,0.0,0.0
1506,00022db415e4,0,0,0,0,0,0,1,0.0,0.0
1507,00022dded83f,0,0,0,0,0,0,1,0.0,0.0
1508,00022d9a2e21,0,0,0,0,0,0,1,0.0,0.0
1509,00022dc27526,0,0,0,0,0,0,1,0.0,0.0
1510,00070e96e1b7,0,0,0,0,0,0,1,0.0,0.0
1511,00022dcd8f0a,0,0,0,0,0,0,1,0.0,0.0
1512,00022dfb1056,0,0,0,0,0,0,1,0.0,0.0
1513,0030658509df,0,0,0,0,0,0,1,0.0,0.0
1514,00601deaecca,0,0,0,0,0,0,1,0.0,0.0
1515,00022d0f6799,0,0,0,0,0,0,1,0.0,0.0
1516,004096780d5f,0,0,0,0,0,0,1,0.0,0.0
1517,00022d14bbfb,0,0,0,0,0,0,1,0.0,0.0
1518,00022d2e63bc,0,0,0,0,0,0,1,0.0,0.0
1519,00306502e08f,0,0,0,0,0,0,1,0.0,0.0
1520,00070e7f942d,0,0,0,0,0,0,1,0.0,0.0
1521,00022d87bf8d,0,0,0,0,0,0,1,0.0,0.0
1522,00022d4d38ce,0,0,0,0,0,0,1,0.0,0.0
1523,00022d9ade2f,0,0,0,0,0,0,1,0.0,0.0
1524,00022dd59a38,0,0,0,0,0,0,1,0.0,0.0
1525,00070ecf8fcb,0,0,0,0,0,0,1,0.0,0.0
1526,00022d0936e7,0,0,0,0,0,0,1,0.0,0.0
1527,00022dab431e,0,0,0,0,0,0,1,0.0,0.0
1528,00022d415815,0,0,0,0,0,0,1,0.0,0.0
1529,00022df44f43,0,0,0,0,0,0,1,0.0,0.0
1530,00022db1f6cc,0,0,0,0,0,0,1,0.0,0.0
1531,00306561212e,0,0,0,0,0,0,1,0.0,0.0
1532,00022d7988fc,0,0,0,0,0,0,1,0.0,0.0
1533,00070ebc48fa,0,0,0,0,0,0,1,0.0,0.0
1534,00022d3c01c8,0,0,0,0,0,0,1,0.0,0.0
1535,00070e7ba2e8,0,0,0,0,0,0,1,0.0,0.0
1536,00070eb35cc1,0,0,0,0,0,0,1,0.0,0.0
1537,00022d87fad4,0,0,0,0,0,0,1,0.0,0.0
1538,003065e31b43,0,0,0,0,0,0,1,0.0,0.0
1539,00022ddb2d06,0,0,0,0,0,0,1,0.0,0.0
1540,00306524f3a8,0,0,0,0,0,0,1,0.0,0.0
1541,00306525f9ad,0,0,0,0,0,0,1,0.0,0.0
1542,003065bdcb4d,0,0,0,0,0,0,1,0.0,0.0
1543,00306571fbe9,0,0,0,0,0,0,1,0.0,0.0
1544,00070e989a33,0,0,0,0,0,0,1,0.0,0.0
1545,00409661a4d3,0,0,0,0,0,0,1,0.0,0.0
1546,003065f28cff,0,0,0,0,0,0,1,0.0,0.0
1547,0030651e788d,0,0,0,0,0,0,1,0.0,0.0
1548,00070ecb8a6d,0,0,0,0,0,0,1,0.0,0.0
1549,00306507da11,0,0,0,0,0,0,1,0.0,0.0
1550,00022d75c1a7,0,0,0,0,0,0,1,0.0,0.0
1551,0030659e8989,0,0,0,0,0,0,1,0.0,0.0
1552,003065cc7aba,0,0,0,0,0,0,1,0.0,0.0
1553,00022d773d8f,0,0,0,0,0,0,1,0.0,0.0
1554,003065f97eb5,0,0,0,0,0,0,1,0.0,0.0
1555,00022d79852b,0,0,0,0,0,0,1,0.0,0.0
1556,00022dfd63f0,0,0,0,0,0,0,1,0.0,0.0
1557,00022d0e425a,0,0,0,0,0,0,1,0.0,0.0
1558,00022d18cf84,0,0,0,0,0,0,1,0.0,0.0
1559,00022df62952,0,0,0,0,0,0,1,0.0,0.0
1560,003065e6b870,0,0,0,0,0,0,1,0.0,0.0
1561,00601d19cf5a,0,0,0,0,0,0,1,0.0,0.0
1562,00306537d4c4,0,0,0,0,0,0,1,0.0,0.0
1563,003065cc3c97,0,0,0,0,0,0,1,0.0,0.0
1564,0040967002f3,0,0,0,0,0,0,1,0.0,0.0
1565,00022ddb853f,0,0,0,0,0,0,1,0.0,0.0
1566,0030655095ab,0,0,0,0,0,0,1,0.0,0.0
1567,00022d46e361,0,0,0,0,0,0,1,0.0,0.0
1568,00070ec70074,0,0,0,0,0,0,1,0.0,0.0
1569,00022dc2d40b,0,0,0,0,0,0,1,0.0,0.0
1570,00070edf68a0,0,0,0,0,0,0,1,0.0,0.0
1571,00022ddf06cf,0,0,0,0,0,0,1,0.0,0.0
1572,00022d6ac777,0,0,0,0,0,0,1,0.0,0.0
1573,00022d2e5c67,0,0,0,0,0,0,1,0.0,0.0
1574,00070ea4b5ae,0,0,0,0,0,0,1,0.0,0.0
1575,00022d8acfaf,0,0,0,0,0,0,1,0.0,0.0
1576,00022d44cfd6,0,0,0,0,0,0,1,0.0,0.0
1577,00306539928c,0,0,0,0,0,0,1,0.0,0.0
1578,00022d2b6534,0,0,0,0,0,0,1,0.0,0.0
1579,00022d9f4221,0,0,0,0,0,0,1,0.0,0.0
1580,00306534feb4,0,0,0,0,0,0,1,0.0,0.0
1581,0030657436e8,0,0,0,0,0,0,1,0.0,0.0
1582,00022d319a37,0,0,0,0,0,0,1,0.0,0.0
1583,003065bb897f,0,0,0,0,0,0,1,0.0,0.0
1584,00070e68c455,0,0,0,0,0,0,1,0.0,0.0
1585,003065f22bee,0,0,0,0,0,0,1,0.0,0.0
1586,0030655c3627,0,0,0,0,0,0,1,0.0,0.0
1587,00022df7d4b9,0,0,0,0,0,0,1,0.0,0.0
1588,0030655fc199,0,0,0,0,0,0,1,0.0,0.0
1589,00070e96ba46,0,0,0,0,0,0,1,0.0,0.0
1590,00306584d173,0,0,0,0,0,0,1,0.0,0.0
1591,00022dd6da91,0,0,0,0,0,0,1,0.0,0.0
1592,0030658ab5ed,0,0,0,0,0,0,1,0.0,0.0
1593,00022d4a817b,0,0,0,0,0,0,1,0.0,0.0
1594,0030658a1abd,0,0,0,0,0,0,1,0.0,0.0
1595,00070ebc6c6b,0,0,0,0,0,0,1,0.0,0.0
1596,00306518cb5b,0,0,0,0,0,0,1,0.0,0.0
1597,0004e2eee3cb,0,0,0,0,0,0,1,0.0,0.0
1598,00022d5ac099,0,0,0,0,0,0,1,0.0,0.0
1599,00022d376268,0,0,0,0,0,0,1,0.0,0.0
1600,00022d430b40,0,0,0,0,0,0,1,0.0,0.0
1601,00022d3bcef2,0,0,0,0,0,0,1,0.0,0.0
1602,003065c99daf,0,0,0,0,0,0,1,0.0,0.0
1603,00306505e012,0,0,0,0,0,0,1,0.0,0.0
1604,003065a210f7,0,0,0,0,0,0,1,0.0,0.0
1605,003065b1cf71,0,0,0,0,0,0,1,0.0,0.0
1606,00306554a2c0,0,0,0,0,0,0,1,0.0,0.0
1607,0030651979fb,0,0,0,0,0,0,1,0.0,0.0
1608,0030650cf917,0,0,0,0,0,0,1,0.0,0.0
1609,00070e4ce316,0,0,0,0,0,0,1,0.0,0.0
1610,00022d11a505,0,0,0,0,0,0,1,0.0,0.0
1611,0030655aff8a,0,0,0,0,0,0,1,0.0,0.0
1612,0030655b9b55,0,0,0,0,0,0,1,0.0,0.0
1613,00409692150a,0,0,0,0,0,0,1,0.0,0.0
1614,00022d4913dd,0,0,0,0,0,0,1,0.0,0.0
1615,00022dc59424,0,0,0,0,0,0,1,0.0,0.0
1616,00022db25a5a,0,0,0,0,0,0,1,0.0,0.0
1617,004096d1a3d3,0,0,0,0,0,0,1,0.0,0.0
1618,00022dedd222,0,0,0,0,0,0,1,0.0,0.0
1619,00070e36b26f,0,0,0,0,0,0,1,0.0,0.0
1620,00022d616d51,0,0,0,0,0,0,1,0.0,0.0
1621,00022d9cd3a4,0,0,0,0,0,0,1,0.0,0.0
1622,00022d084118,0,0,0,0,0,0,1,0.0,0.0
1623,00022d255ead,0,0,0,0,0,0,1,0.0,0.0
1624,00070e7b8d38,0,0,0,0,0,0,1,0.0,0.0
1625,003065902244,0,0,0,0,0,0,1,0.0,0.0
1626,003065016fe1,0,0,0,0,0,0,1,0.0,0.0
1627,0030654a4a4e,0,0,0,0,0,0,1,0.0,0.0
1628,00022d40dcb2,0,0,0,0,0,0,1,0.0,0.0
1629,003065531d5c,0,0,0,0,0,0,1,0.0,0.0
1630,00022df56e4b,0,0,0,0,0,0,1,0.0,0.0
1631,00022d6cd688,0,0,0,0,0,0,1,0.0,0.0
1632,00022dd9e2c2,0,0,0,0,0,0,1,0.0,0.0
1633,00022d358176,0,0,0,0,0,0,1,0.0,0.0
1634,00022d6386b7,0,0,0,0,0,0,1,0.0,0.0
1635,00022d2f0ffb,0,0,0,0,0,0,1,0.0,0.0
1636,00601d696eec,0,0,0,0,0,0,1,0.0,0.0
1637,003065a244d3,0,0,0,0,0,0,1,0.0,0.0
1638,0005027ba300,0,0,0,0,0,0,1,0.0,0.0
1639,00022d49e0b2,0,0,0,0,0,0,1,0.0,0.0
1640,00022deefe60,0,0,0,0,0,0,1,0.0,0.0
1641,00070ed69ee1,0,0,0,0,0,0,1,0.0,0.0
1642,00070e1cd986,0,0,0,0,0,0,1,0.0,0.0
1643,00022db34b38,0,0,0,0,0,0,1,0.0,0.0
1644,00070e703c25,0,0,0,0,0,0,1,0.0,0.0
1645,00022d17edc5,0,0,0,0,0,0,1,0.0,0.0
1646,00022d92e55b,0,0,0,0,0,0,1,0.0,0.0
1647,00032f850e2a,0,0,0,0,0,0,1,0.0,0.0
1648,00070e90d15a,0,0,0,0,0,0,1,0.0,0.0
1649,00022da66ce3,0,0,0,0,0,0,1,0.0,0.0
1650,00022d47dc58,0,0,0,0,0,0,1,0.0,0.0
1651,0030651d9fe6,0,0,0,0,0,0,1,0.0,0.0
1652,00070ed3f27c,0,0,0,0,0,0,1,0.0,0.0
1653,00022d60639a,0,0,0,0,0,0,1,0.0,0.0
1654,0030651f0d8c,0,0,0,0,0,0,1,0.0,0.0
1655,00306570d7bf,0,0,0,0,0,0,1,0.0,0.0
1656,00022d9b43b3,0,0,0,0,0,0,1,0.0,0.0
1657,00022d930c4c,0,0,0,0,0,0,1,0.0,0.0
1658,00022d82d3e7,0,0,0,0,0,0,1,0.0,0.0
1659,003065b48c4d,0,0,0,0,0,0,1,0.0,0.0
1660,003065194f25,0,0,0,0,0,0,1,0.0,0.0
1661,00022d9d9603,0,0,0,0,0,0,1,0.0,0.0
1662,00022d7bd161,0,0,0,0,0,0,1,0.0,0.0
1663,00022dae172e,0,0,0,0,0,0,1,0.0,0.0
1664,00070eda714c,0,0,0,0,0,0,1,0.0,0.0
1665,0030652fdf40,0,0,0,0,0,0,1,0.0,0.0
1666,0040961b7e18,0,0,0,0,0,0,1,0.0,0.0
1667,003065d0ea25,0,0,0,0,0,0,1,0.0,0.0
1668,00045adde16c,0,0,0,0,0,0,1,0.0,0.0
1669,0020e00e26fa,0,0,0,0,0,0,1,0.0,0.0
1670,00022dc5605f,0,0,0,0,0,0,1,0.0,0.0
1671,00022de6076b,0,0,0,0,0,0,1,0.0,0.0
1672,00022db1f59a,0,0,0,0,0,0,1,0.0,0.0
1673,00022dacddc2,0,0,0,0,0,0,1,0.0,0.0
1674,00022de4830a,0,0,0,0,0,0,1,0.0,0.0
1675,00022d483f4c,0,0,0,0,0,0,1,0.0,0.0
1676,00022d6c95bc,0,0,0,0,0,0,1,0.0,0.0
1677,00306568b941,0,0,0,0,0,0,1,0.0,0.0
1678,0030654849dc,0,0,0,0,0,0,1,0.0,0.0
1679,00070e727cc5,0,0,0,0,0,0,1,0.0,0.0
1680,00022dc7ac01,0,0,0,0,0,0,1,0.0,0.0
1681,00022dc1b09c,0,0,0,0,0,0,1,0.0,0.0
1682,0030656d60ac,0,0,0,0,0,0,1,0.0,0.0
1683,00022d6f711f,0,0,0,0,0,0,1,0.0,0.0
1684,00022da47277,0,0,0,0,0,0,1,0.0,0.0
1685,00022d696e39,0,0,0,0,0,0,1,0.0,0.0
1686,00022d7a22d0,0,0,0,0,0,0,1,0.0,0.0
1687,00022d1c7eec,0,0,0,0,0,0,1,0.0,0.0
1688,00022da41799,0,0,0,0,0,0,1,0.0,0.0
1689,0030651e4f2d,0,0,0,0,0,0,1,0.0,0.0
1690,00022df5fd00,0,0,0,0,0,0,1,0.0,0.0
1691,00022d3acb3e,0,0,0,0,0,0,1,0.0,0.0
1692,00022d504489,0,0,0,0,0,0,1,0.0,0.0
1693,00022dbf07e3,0,0,0,0,0,0,1,0.0,0.0
1694,00022d160a08,0,0,0,0,0,0,1,0.0,0.0
1695,003065f6a05e,0,0,0,0,0,0,1,0.0,0.0
1696,00022d9af8c2,0,0,0,0,0,0,1,0.0,0.0
1697,00022d34c7af,0,0,0,0,0,0,1,0.0,0.0
1698,0030652c4d60,0,0,0,0,0,0,1,0.0,0.0
1699,00022d12b3e3,0,0,0,0,0,0,1,0.0,0.0
1700,00022d6afeb2,0,0,0,0,0,0,1,0.0,0.0
1701,00070e5468d8,0,0,0,0,0,0,1,0.0,0.0
1702,0030657085d1,0,0,0,0,0,0,1,0.0,0.0
1703,00022d42f3ae,0,0,0,0,0,0,1,0.0,0.0
1704,00022d79f78a,0,0,0,0,0,0,1,0.0,0.0
1705,00070e94a4ee,0,0,0,0,0,0,1,0.0,0.0
1706,00022d7a9252,0,0,0,0,0,0,1,0.0,0.0
1707,00022dfc6e1d,0,0,0,0,0,0,1,0.0,0.0
1708,00022dc20fc5,0,0,0,0,0,0,1,0.0,0.0
1709,00022d05514b,0,0,0,0,0,0,1,0.0,0.0
1710,00022df4c80a,0,0,0,0,0,0,1,0.0,0.0
1711,00022dd7f5dc,0,0,0,0,0,0,1,0.0,0.0
1712,00045a96e64b,0,0,0,0,0,0,1,0.0,0.0
1713,00070eb65ab5,0,0,0,0,0,0,1,0.0,0.0
1714,0020e0659cf5,0,0,0,0,0,0,1,0.0,0.0
1715,003065ab67e9,0,0,0,0,0,0,1,0.0,0.0
1716,003065511c43,0,0,0,0,0,0,1,0.0,0.0
1717,0030654e97d6,0,0,0,0,0,0,1,0.0,0.0
1718,003065696fa5,0,0,0,0,0,0,1,0.0,0.0
1719,0030655cb724,0,0,0,0,0,0,1,0.0,0.0
1720,003065f781c2,0,0,0,0,0,0,1,0.0,0.0
1721,00022d3c05ca,0,0,0,0,0,0,1,0.0,0.0
1722,003065f14f1a,0,0,0,0,0,0,1,0.0,0.0
1723,00070e7b548f,0,0,0,0,0,0,1,0.0,0.0
1724,00070eb17e74,0,0,0,0,0,0,1,0.0,0.0
1725,00070e472d55,0,0,0,0,0,0,1,0.0,0.0
1726,00022d7db0f0,0,0,0,0,0,0,1,0.0,0.0
1727,00070e67bfc8,0,0,0,0,0,0,1,0.0,0.0
1728,00070eb905bb,0,0,0,0,0,0,1,0.0,0.0
1729,00022df949d2,0,0,0,0,0,0,1,0.0,0.0
1730,00070e110ef5,0,0,0,0,0,0,1,0.0,0.0
1731,00022ddcb46c,0,0,0,0,0,0,1,0.0,0.0
1732,00022d979e6e,0,0,0,0,0,0,1,0.0,0.0
1733,00045a793e2c,0,0,0,0,0,0,1,0.0,0.0
1734,00070e19f504,0,0,0,0,0,0,1,0.0,0.0
1735,00022d9c816c,0,0,0,0,0,0,1,0.0,0.0
1736,00022d340276,0,0,0,0,0,0,1,0.0,0.0
1737,0040966050ba,0,0,0,0,0,0,1,0.0,0.0
1738,00022d81b95c,0,0,0,0,0,0,1,0.0,0.0
1739,00306516b973,0,0,0,0,0,0,1,0.0,0.0
1740,004096149494,0,0,0,0,0,0,1,0.0,0.0
1741,00022de78281,0,0,0,0,0,0,1,0.0,0.0
1742,00022d68834c,0,0,0,0,0,0,1,0.0,0.0
1743,0030659ccb0e,0,0,0,0,0,0,1,0.0,0.0
1744,00022daa86e9,0,0,0,0,0,0,1,0.0,0.0
1745,0005027888e4,0,0,0,0,0,0,1,0.0,0.0
1746,000502e86ee0,0,0,0,0,0,0,1,0.0,0.0
1747,00022d545606,0,0,0,0,0,0,1,0.0,0.0
1748,00022dd527b0,0,0,0,0,0,0,1,0.0,0.0
1749,00601d56cf80,0,0,0,0,0,0,1,0.0,0.0
1750,00022d584f86,0,0,0,0,0,0,1,0.0,0.0
1751,00022d43e4d8,0,0,0,0,0,0,1,0.0,0.0
1752,00045ac4c79f,0,0,0,0,0,0,1,0.0,0.0
1753,003065c11935,0,0,0,0,0,0,1,0.0,0.0
1754,00055d40d851,0,0,0,0,0,0,1,0.0,0.0
1755,00306564c4a5,0,0,0,0,0,0,1,0.0,0.0
1756,0001034ded3b,0,0,0,0,0,0,1,0.0,0.0
1757,00022d6f050e,0,0,0,0,0,0,1,0.0,0.0
1758,003065d91689,0,0,0,0,0,0,1,0.0,0.0
1759,00022df22592,0,0,0,0,0,0,1,0.0,0.0
1760,00045a477d72,0,0,0,0,0,0,1,0.0,0.0
1761,0040966c3ca5,0,0,0,0,0,0,1,0.0,0.0
1762,0020e06a4346,0,0,0,0,0,0,1,0.0,0.0
1763,00022d939fce,0,0,0,0,0,0,1,0.0,0.0
1764,00055d987edd,0,0,0,0,0,0,1,0.0,0.0
1765,00022d12b72d,0,0,0,0,0,0,1,0.0,0.0
1766,003065b76821,0,0,0,0,0,0,1,0.0,0.0
1767,004096b33293,0,0,0,0,0,0,1,0.0,0.0
1768,00070ec471ed,0,0,0,0,0,0,1,0.0,0.0
1769,00022d75c935,0,0,0,0,0,0,1,0.0,0.0
1770,00022d019abf,0,0,0,0,0,0,1,0.0,0.0
1771,0040af313784,0,0,0,0,0,0,1,0.0,0.0
1772,003065cae7f3,0,0,0,0,0,0,1,0.0,0.0
1773,00022dc4d4c3,0,0,0,0,0,0,1,0.0,0.0
1774,00022d128669,0,0,0,0,0,0,1,0.0,0.0
1775,00022d2dbc51,0,0,0,0,0,0,1,0.0,0.0
1776,00022dcc4a1e,0,0,0,0,0,0,1,0.0,0.0
1777,00022d61ec5a,0,0,0,0,0,0,1,0.0,0.0
1778,003065a0fdad,0,0,0,0,0,0,1,0.0,0.0
1779,00022dba8871,0,0,0,0,0,0,1,0.0,0.0
1780,0030653e4643,0,0,0,0,0,0,1,0.0,0.0
1781,00070e7b0d52,0,0,0,0,0,0,1,0.0,0.0
1782,0030651abf9c,0,0,0,0,0,0,1,0.0,0.0
1783,00022da7cd4d,0,0,0,0,0,0,1,0.0,0.0
1784,00022d35881f,0,0,0,0,0,0,1,0.0,0.0
1785,003065c356f6,0,0,0,0,0,0,1,0.0,0.0
1786,00070e06423a,0,0,0,0,0,0,1,0.0,0.0
1787,0000c5ae77c7,0,0,0,0,0,0,1,0.0,0.0
1788,00022d0273a9,0,0,0,0,0,0,1,0.0,0.0
1789,00022d98bdc0,0,0,0,0,0,0,1,0.0,0.0
1790,00022d8ea99e,0,0,0,0,0,0,1,0.0,0.0
1791,00022d360b25,0,0,0,0,0,0,1,0.0,0.0
1792,00601d521ecf,0,0,0,0,0,0,1,0.0,0.0
1793,00022d6af6f9,0,0,0,0,0,0,1,0.0,0.0
1794,00022dbe5243,0,0,0,0,0,0,1,0.0,0.0
1795,0040964ac3d5,0,0,0,0,0,0,1,0.0,0.0
1796,00022d41961d,0,0,0,0,0,0,1,0.0,0.0
1797,00022d9cf55f,0,0,0,0,0,0,1,0.0,0.0
1798,00055dcfa9aa,0,0,0,0,0,0,1,0.0,0.0
1799,004096a748db,0,0,0,0,0,0,1,0.0,0.0
1800,00070ed1e29e,0,0,0,0,0,0,1,0.0,0.0
1801,0030657de140,0,0,0,0,0,0,1,0.0,0.0
1802,003065b4302a,0,0,0,0,0,0,1,0.0,0.0
1803,00022d9be819,0,0,0,0,0,0,1,0.0,0.0
1804,003065b0eefb,0,0,0,0,0,0,1,0.0,0.0
1805,0020e0448ebb,0,0,0,0,0,0,1,0.0,0.0
1806,00070e61d72c,0,0,0,0,0,0,1,0.0,0.0
1807,00022d2d6747,0,0,0,0,0,0,1,0.0,0.0
1808,00022de3f272,0,0,0,0,0,0,1,0.0,0.0
1809,00022d383fb3,0,0,0,0,0,0,1,0.0,0.0
1810,000625f7a0d6,0,0,0,0,0,0,1,0.0,0.0
1811,00022d554b11,0,0,0,0,0,0,1,0.0,0.0
1812,00022d66d36b,0,0,0,0,0,0,1,0.0,0.0
1813,00022d472f2f,0,0,0,0,0,0,1,0.0,0.0
1814,0040966db8ae,0,0,0,0,0,0,1,0.0,0.0
1815,003065fe0453,0,0,0,0,0,0,1,0.0,0.0
1816,0000c53bbb4b,0,0,0,0,0,0,1,0.0,0.0
1817,00022dee8a63,0,0,0,0,0,0,1,0.0,0.0
1818,0020e04eeaed,0,0,0,0,0,0,1,0.0,0.0
1819,003065d5ca91,0,0,0,0,0,0,1,0.0,0.0
1820,0020e05bd758,0,0,0,0,0,0,1,0.0,0.0
1821,00070e9c5b18,0,0,0,0,0,0,1,0.0,0.0
1822,00070e525b4a,0,0,0,0,0,0,1,0.0,0.0
1823,00022ddac983,0,0,0,0,0,0,1,0.0,0.0
1824,00306563d0c0,0,0,0,0,0,0,1,0.0,0.0
1825,00601dd1500f,0,0,0,0,0,0,1,0.0,0.0
1826,080046fb571c,0,0,0,0,0,0,1,0.0,0.0
1827,00022d60b42d,0,0,0,0,0,0,1,0.0,0.0
1828,00022d1afe63,0,0,0,0,0,0,1,0.0,0.0
1829,003065a988b6,0,0,0,0,0,0,1,0.0,0.0
1830,003065f7c29b,0,0,0,0,0,0,1,0.0,0.0
1831,00601dd7a585,0,0,0,0,0,0,1,0.0,0.0
1832,0030653edd17,0,0,0,0,0,0,1,0.0,0.0
1833,00022d519d55,0,0,0,0,0,0,1,0.0,0.0
1834,00022d6cb23f,0,0,0,0,0,0,1,0.0,0.0
1835,00022dbd0cdc,0,0,0,0,0,0,1,0.0,0.0
1836,00022d261ee4,0,0,0,0,0,0,1,0.0,0.0
1837,00070eb301ae,0,0,0,0,0,0,1,0.0,0.0
1838,00045a3777aa,0,0,0,0,0,0,1,0.0,0.0
1839,003065de52d3,0,0,0,0,0,0,1,0.0,0.0
1840,0030654b66b2,0,0,0,0,0,0,1,0.0,0.0
1841,00022d2b6dc1,0,0,0,0,0,0,1,0.0,0.0
1842,00022d906b31,0,0,0,0,0,0,1,0.0,0.0
1843,003065dd2171,0,0,0,0,0,0,1,0.0,0.0
1844,003065414bd4,0,0,0,0,0,0,1,0.0,0.0
1845,00022d63eb6a,0,0,0,0,0,0,1,0.0,0.0
1846,00022df99100,0,0,0,0,0,0,1,0.0,0.0
1847,000750efbf58,0,0,0,0,0,0,1,0.0,0.0
1848,0030650ebe0b,0,0,0,0,0,0,1,0.0,0.0
1849,00022d78bb43,0,0,0,0,0,0,1,0.0,0.0
1850,0030651d399e,0,0,0,0,0,0,1,0.0,0.0
1851,00032fcdf49b,0,0,0,0,0,0,1,0.0,0.0
1852,00022d4541a7,0,0,0,0,0,0,1,0.0,0.0
1853,00022d0c1e26,0,0,0,0,0,0,1,0.0,0.0
1854,00045abfa27c,0,0,0,0,0,0,1,0.0,0.0
1855,0030658d1baa,0,0,0,0,0,0,1,0.0,0.0
1856,00022da4f596,0,0,0,0,0,0,1,0.0,0.0
1857,0020e0423ec7,0,0,0,0,0,0,1,0.0,0.0
1858,003065afa8a0,0,0,0,0,0,0,1,0.0,0.0
1859,00306569a383,0,0,0,0,0,0,1,0.0,0.0
1860,0030653a547f,0,0,0,0,0,0,1,0.0,0.0
1861,003065c570c2,0,0,0,0,0,0,1,0.0,0.0
1862,00409635d4fd,0,0,0,0,0,0,1,0.0,0.0
1863,0030655d0618,0,0,0,0,0,0,1,0.0,0.0
1864,00022d52770a,0,0,0,0,0,0,1,0.0,0.0
1865,00306579f613,0,0,0,0,0,0,1,0.0,0.0
1866,000750affe09,0,0,0,0,0,0,1,0.0,0.0
1867,00022d00a3f5,0,0,0,0,0,0,1,0.0,0.0
1868,003065a30eea,0,0,0,0,0,0,1,0.0,0.0
1869,00022dcdf42f,0,0,0,0,0,0,1,0.0,0.0
1870,00022d3ab597,0,0,0,0,0,0,1,0.0,0.0
1871,00601d5a1443,0,0,0,0,0,0,1,0.0,0.0
1872,00022df5b3ae,0,0,0,0,0,0,1,0.0,0.0
1873,000750a10062,0,0,0,0,0,0,1,0.0,0.0
1874,00022df1a6e8,0,0,0,0,0,0,1,0.0,0.0
1875,00022dcea23a,0,0,0,0,0,0,1,0.0,0.0
1876,000750ef4e3c,0,0,0,0,0,0,1,0.0,0.0
1877,0030654e480d,0,0,0,0,0,0,1,0.0,0.0
1878,00601de0cd77,0,0,0,0,0,0,1,0.0,0.0
1879,0030654946a7,0,0,0,0,0,0,1,0.0,0.0
1880,00022de5ab7c,0,0,0,0,0,0,1,0.0,0.0
1881,003065b259e0,0,0,0,0,0,0,1,0.0,0.0
1882,0020e0dc6173,0,0,0,0,0,0,1,0.0,0.0
1883,00045a0a8b39,0,0,0,0,0,0,1,0.0,0.0
1884,0030655ebb56,0,0,0,0,0,0,1,0.0,0.0
1885,00022df7ce5d,0,0,0,0,0,0,1,0.0,0.0
1886,003065d0a8fd,0,0,0,0,0,0,1,0.0,0.0
1887,003065ab5c7e,0,0,0,0,0,0,1,0.0,0.0
1888,00022d4511da,0,0,0,0,0,0,1,0.0,0.0
1889,00022d2997c6,0,0,0,0,0,0,1,0.0,0.0
1890,000750ddc4d2,0,0,0,0,0,0,1,0.0,0.0
1891,00022df6a486,0,0,0,0,0,0,1,0.0,0.0
1892,00306500dc28,0,0,0,0,0,0,1,0.0,0.0
1893,003065d682b8,0,0,0,0,0,0,1,0.0,0.0
1894,0030654d8615,0,0,0,0,0,0,1,0.0,0.0
1895,0040960a6595,0,0,0,0,0,0,1,0.0,0.0
1896,0050dad80267,0,0,0,0,0,0,1,0.0,0.0
1897,00022d61c625,0,0,0,0,0,0,1,0.0,0.0
1898,003065f9b068,0,0,0,0,0,0,1,0.0,0.0
1899,00306527f6b3,0,0,0,0,0,0,1,0.0,0.0
1900,00022d321575,0,0,0,0,0,0,1,0.0,0.0
1901,003065f909b0,0,0,0,0,0,0,1,0.0,0.0
1902,00022d124aa1,0,0,0,0,0,0,1,0.0,0.0
1903,00022d6f52a8,0,0,0,0,0,0,1,0.0,0.0
1904,000750eb25de,0,0,0,0,0,0,1,0.0,0.0
1905,00601dbd9a2c,0,0,0,0,0,0,1,0.0,0.0
1906,00409698b522,0,0,0,0,0,0,1,0.0,0.0
1907,003065aed1f5,0,0,0,0,0,0,1,0.0,0.0
1908,003065a2006a,0,0,0,0,0,0,1,0.0,0.0
1909,003065468e2f,0,0,0,0,0,0,1,0.0,0.0
1910,0030651b9b74,0,0,0,0,0,0,1,0.0,0.0
1911,0030658e5ed6,0,0,0,0,0,0,1,0.0,0.0
1912,0030657c109a,0,0,0,0,0,0,1,0.0,0.0
1913,0020e07a5eb0,0,0,0,0,0,0,1,0.0,0.0
1914,00022d367aff,0,0,0,0,0,0,1,0.0,0.0
1915,004096c27d2b,0,0,0,0,0,0,1,0.0,0.0
